trialNumber,bet,stim_onset,stop_onset,stimulus_offset,stop_offset,duration,stimulus,stop,response,rt,stim_file,ssd,fixation_onset,fixation_offset,isi_onset,isi_offset,iti_onset,iti_offset,go_correct,go_incorrect,go_miss,stop_success,stop_failure_arrowcorrect
1,5,1.6631213999989996,,3.163130999999339,,1.5,left,0,False,,C:\Users\Public\LAB PROJECTS\Smith-Lab\tacs3-bluesky\code\sst\images\left_arrow.png,0.25,0.0019458999995549675,1.64643999999862,0.0019458999995549675,1.64643999999862,3.163130999999339,5.163126799998281,0,0,999,0,
2,5,7.263325399999303,7.515047599999889,8.763345599998502,8.763345599998502,1.5,right,1,False,,C:\Users\Public\LAB PROJECTS\Smith-Lab\tacs3-bluesky\code\sst\images\right_arrow.png,0.3,5.163149899999553,7.246643899999981,5.163149899999553,7.246643899999981,8.763345599998502,12.51332419999926,0,0,0,1,
3,5,14.230212699998447,,15.730226099998617,,1.5,left,0,False,,C:\Users\Public\LAB PROJECTS\Smith-Lab\tacs3-bluesky\code\sst\images\left_arrow.png,0.3,12.513352099998883,14.21364949999952,12.513352099998883,14.21364949999952,15.730226099998617,17.979907799999637,0,0,999,0,
4,5,19.32977149999897,19.63137739999911,20.82978489999914,20.82978489999914,1.5,left,1,False,,C:\Users\Public\LAB PROJECTS\Smith-Lab\tacs3-bluesky\code\sst\images\left_arrow.png,0.35,17.97994049999943,19.313186399998813,17.97994049999943,19.313186399998813,20.82978489999914,22.879996699999538,0,0,0,1,
5,5,25.079745099999855,25.431556999999884,26.579757899999095,26.579757899999095,1.5,left,1,False,,C:\Users\Public\LAB PROJECTS\Smith-Lab\tacs3-bluesky\code\sst\images\left_arrow.png,0.4,22.880024299998695,25.063105899998845,22.880024299998695,25.063105899998845,26.579757899999095,29.179779599999165,0,0,0,1,
6,5,31.046419799999057,,32.54642909999893,,1.5,right,0,False,,C:\Users\Public\LAB PROJECTS\Smith-Lab\tacs3-bluesky\code\sst\images\right_arrow.png,0.4,29.179803799999718,31.02972469999986,29.179803799999718,31.02972469999986,32.54642909999893,35.14650349999829,0,0,999,0,
7,5,36.796613999998954,,38.29662759999883,,1.5,left,0,False,,C:\Users\Public\LAB PROJECTS\Smith-Lab\tacs3-bluesky\code\sst\images\left_arrow.png,0.4,35.14652599999863,36.7797800999997,35.14652599999863,36.7797800999997,38.29662759999883,41.363280999999915,0,0,999,0,
8,5,43.07978969999931,,44.579803399999946,,1.5,right,0,False,,C:\Users\Public\LAB PROJECTS\Smith-Lab\tacs3-bluesky\code\sst\images\right_arrow.png,0.4,41.36330519999865,43.063211599999704,41.36330519999865,43.063211599999704,44.579803399999946,49.963170199998785,0,0,999,0,
9,5,51.86320039999919,52.26475449999998,53.363209999999526,53.363209999999526,1.5,right,1,False,,C:\Users\Public\LAB PROJECTS\Smith-Lab\tacs3-bluesky\code\sst\images\right_arrow.png,0.45,49.963193199999296,51.846549899999445,49.963193199999296,51.846549899999445,53.363209999999526,56.51347939999869,0,0,0,1,
10,5,58.0966843999995,,59.59669450000001,,1.5,right,0,False,,C:\Users\Public\LAB PROJECTS\Smith-Lab\tacs3-bluesky\code\sst\images\right_arrow.png,0.45,56.51351389999945,58.07980879999923,56.51351389999945,58.07980879999923,59.59669450000001,64.8134646999988,0,0,999,0,
11,5,66.63004869999895,,68.1300631999984,,1.5,left,0,False,,C:\Users\Public\LAB PROJECTS\Smith-Lab\tacs3-bluesky\code\sst\images\left_arrow.png,0.45,64.81349349999982,66.61346549999871,64.81349349999982,66.61346549999871,68.1300631999984,70.86346409999896,0,0,999,0,
12,5,72.33005419999972,,73.83006849999947,,1.5,left,0,False,,C:\Users\Public\LAB PROJECTS\Smith-Lab\tacs3-bluesky\code\sst\images\left_arrow.png,0.45,70.86349309999969,72.31345359999978,70.86349309999969,72.31345359999978,73.83006849999947,76.53012989999843,0,0,999,0,
13,5,78.48006389999864,,79.98007569999936,,1.5,left,0,False,,C:\Users\Public\LAB PROJECTS\Smith-Lab\tacs3-bluesky\code\sst\images\left_arrow.png,0.45,76.53015409999898,78.46345079999992,76.53015409999898,78.46345079999992,79.98007569999936,82.09673949999888,0,0,999,0,
14,5,83.93013819999942,,85.43014879999828,,1.5,right,0,False,,C:\Users\Public\LAB PROJECTS\Smith-Lab\tacs3-bluesky\code\sst\images\right_arrow.png,0.45,82.09676319999926,83.9133499999989,82.09676319999926,83.9133499999989,85.43014879999828,89.49693209999896,0,0,999,0,
15,5,91.36347659999956,,92.86348909999833,,1.5,right,0,False,,C:\Users\Public\LAB PROJECTS\Smith-Lab\tacs3-bluesky\code\sst\images\right_arrow.png,0.45,89.49695649999921,91.34681069999897,89.49695649999921,91.34681069999897,92.86348909999833,95.19657629999892,0,0,999,0,
16,5,97.06324069999937,,98.5632528999995,,1.5,left,0,False,,C:\Users\Public\LAB PROJECTS\Smith-Lab\tacs3-bluesky\code\sst\images\left_arrow.png,0.45,95.19660009999825,97.04652979999992,95.19660009999825,97.04652979999992,98.5632528999995,102.46318409999913,0,0,999,0,
17,5,104.37986669999918,,105.8798801999983,,1.5,right,0,False,,C:\Users\Public\LAB PROJECTS\Smith-Lab\tacs3-bluesky\code\sst\images\right_arrow.png,0.45,102.46320719999858,104.36315009999998,102.46320719999858,104.36315009999998,105.8798801999983,108.82988449999903,0,0,999,0,
18,5,110.48004629999923,,111.98005599999851,,1.5,right,0,False,,C:\Users\Public\LAB PROJECTS\Smith-Lab\tacs3-bluesky\code\sst\images\right_arrow.png,0.45,108.82990789999894,110.46338699999978,108.82990789999894,110.46338699999978,111.98005599999851,113.9465900999985,0,0,999,0,
19,5,115.86323379999885,,117.36324669999885,,1.5,right,0,False,,C:\Users\Public\LAB PROJECTS\Smith-Lab\tacs3-bluesky\code\sst\images\right_arrow.png,0.45,113.94661329999872,115.8466159999989,113.94661329999872,115.8466159999989,117.36324669999885,122.98040739999851,0,0,999,0,
20,5,125.12998309999966,125.58147759999883,126.6299971999997,126.6299971999997,1.5,right,1,False,,C:\Users\Public\LAB PROJECTS\Smith-Lab\tacs3-bluesky\code\sst\images\right_arrow.png,0.5,122.9804355999986,125.1136119999992,122.9804355999986,125.1136119999992,126.6299971999997,129.84681109999838,0,0,0,1,
21,5,131.8133954999994,,133.31340699999964,,1.5,right,0,False,,C:\Users\Public\LAB PROJECTS\Smith-Lab\tacs3-bluesky\code\sst\images\right_arrow.png,0.5,129.84684059999927,131.79686629999924,129.84684059999927,131.79686629999924,133.31340699999964,135.54671179999968,0,0,999,0,
22,5,137.26326599999993,,138.7632765999988,,1.5,left,0,False,,C:\Users\Public\LAB PROJECTS\Smith-Lab\tacs3-bluesky\code\sst\images\left_arrow.png,0.5,135.54673569999977,137.24648539999907,135.54673569999977,137.24648539999907,138.7632765999988,143.49656949999917,0,0,999,0,
23,5,145.59685639999952,146.09841309999865,147.09687119999944,147.09687119999944,1.5,right,1,False,,C:\Users\Public\LAB PROJECTS\Smith-Lab\tacs3-bluesky\code\sst\images\right_arrow.png,0.55,143.49659279999833,145.58015019999948,143.49659279999833,145.58015019999948,147.09687119999944,152.66352759999972,0,0,0,1,
24,5,154.14685329999884,154.69841459999952,155.64686970000002,155.64686970000002,1.5,right,1,False,,C:\Users\Public\LAB PROJECTS\Smith-Lab\tacs3-bluesky\code\sst\images\right_arrow.png,0.6,152.66355229999863,154.13062489999902,152.66355229999863,154.13062489999902,155.64686970000002,158.2469377999987,0,0,0,1,
25,5,159.9137125999987,,161.41372579999916,,1.5,right,0,False,,C:\Users\Public\LAB PROJECTS\Smith-Lab\tacs3-bluesky\code\sst\images\right_arrow.png,0.6,158.24696329999824,159.8969466999988,158.24696329999824,159.8969466999988,161.41372579999916,164.2302299999992,0,0,999,0,
26,5,165.8137842999986,166.41526339999837,167.31379839999863,167.31379839999863,1.5,right,1,False,,C:\Users\Public\LAB PROJECTS\Smith-Lab\tacs3-bluesky\code\sst\images\right_arrow.png,0.65,164.2302538999993,165.7971493999994,164.2302538999993,165.7971493999994,167.31379839999863,171.06344939999872,0,0,0,1,
27,5,172.61349729999893,,174.11350869999842,,1.5,right,0,False,,C:\Users\Public\LAB PROJECTS\Smith-Lab\tacs3-bluesky\code\sst\images\right_arrow.png,0.65,171.06347370000003,172.59680089999893,171.06347370000003,172.59680089999893,174.11350869999842,178.56359639999937,0,0,999,0,
28,5,179.93055839999943,,181.43057169999884,,1.5,left,0,False,,C:\Users\Public\LAB PROJECTS\Smith-Lab\tacs3-bluesky\code\sst\images\left_arrow.png,0.65,178.56362009999975,179.9140054999989,178.56362009999975,179.9140054999989,181.43057169999884,183.66354089999913,0,0,999,0,
29,5,185.69686339999862,,187.1968767999988,,1.5,right,0,False,,C:\Users\Public\LAB PROJECTS\Smith-Lab\tacs3-bluesky\code\sst\images\right_arrow.png,0.65,183.66356389999964,185.68027249999977,183.66356389999964,185.68027249999977,187.1968767999988,189.3635925999988,0,0,999,0,
30,5,190.96355649999896,,192.4635658999996,,1.5,right,0,False,,C:\Users\Public\LAB PROJECTS\Smith-Lab\tacs3-bluesky\code\sst\images\right_arrow.png,0.65,189.36361599999873,190.94690739999896,189.36361599999873,190.94690739999896,192.4635658999996,198.18024089999926,0,0,999,0,
31,5,199.94689319999998,200.59835009999915,201.4469066999991,201.4469066999991,1.5,left,1,False,,C:\Users\Public\LAB PROJECTS\Smith-Lab\tacs3-bluesky\code\sst\images\left_arrow.png,0.7,198.18026449999888,199.93022869999913,198.18026449999888,199.93022869999913,201.4469066999991,203.96365829999922,0,0,0,1,
32,5,206.1636837999995,,207.66369829999894,,1.5,right,0,False,,C:\Users\Public\LAB PROJECTS\Smith-Lab\tacs3-bluesky\code\sst\images\right_arrow.png,0.7,203.96368369999982,206.14694319999944,203.96368369999982,206.14694319999944,207.66369829999894,209.54696859999967,0,0,999,0,
33,5,211.88012489999892,,213.38013559999854,,1.5,left,0,False,,C:\Users\Public\LAB PROJECTS\Smith-Lab\tacs3-bluesky\code\sst\images\left_arrow.png,0.7,209.54699249999976,211.86354859999847,209.54699249999976,211.86354859999847,213.38013559999854,217.5966316999984,0,0,999,0,
34,5,219.1305109999994,,220.63052519999837,,1.5,left,0,False,,C:\Users\Public\LAB PROJECTS\Smith-Lab\tacs3-bluesky\code\sst\images\left_arrow.png,0.7,217.59665439999844,219.11331569999857,217.59665439999844,219.11331569999857,220.63052519999837,225.74664709999888,0,0,999,0,
35,5,227.74659409999913,,229.24660499999845,,1.5,left,0,False,,C:\Users\Public\LAB PROJECTS\Smith-Lab\tacs3-bluesky\code\sst\images\left_arrow.png,0.7,225.7466706999985,227.72994499999913,225.7466706999985,227.72994499999913,229.24660499999845,235.29669569999896,0,0,999,0,
36,5,236.81328159999975,,238.3132928999985,,1.5,left,0,False,,C:\Users\Public\LAB PROJECTS\Smith-Lab\tacs3-bluesky\code\sst\images\left_arrow.png,0.7,235.29671909999888,236.7966949999991,235.29671909999888,236.7966949999991,238.3132928999985,242.14677609999853,0,0,999,0,
37,5,243.81357209999987,244.51506459999837,245.31358349999937,245.31358349999937,1.5,right,1,False,,C:\Users\Public\LAB PROJECTS\Smith-Lab\tacs3-bluesky\code\sst\images\right_arrow.png,0.75,242.1467995999992,243.79696759999933,242.1467995999992,243.79696759999933,245.31358349999937,248.08001739999963,0,0,0,1,
38,5,250.03021589999844,,251.53022779999992,,1.5,left,0,False,,C:\Users\Public\LAB PROJECTS\Smith-Lab\tacs3-bluesky\code\sst\images\left_arrow.png,0.75,248.08004099999926,250.01353579999886,248.08004099999926,250.01353579999886,251.53022779999992,256.0300974999991,0,0,999,0,
39,5,258.09670749999896,,259.5967208999991,,1.5,left,0,False,,C:\Users\Public\LAB PROJECTS\Smith-Lab\tacs3-bluesky\code\sst\images\left_arrow.png,0.75,256.03012429999944,258.0799724999997,256.03012429999944,258.0799724999997,259.5967208999991,265.8134928999989,0,0,999,0,
40,5,267.63003260000005,,269.1300448999991,,1.5,right,0,False,,C:\Users\Public\LAB PROJECTS\Smith-Lab\tacs3-bluesky\code\sst\images\right_arrow.png,0.75,265.8135190999983,267.6133700999999,265.8135190999983,267.6133700999999,269.1300448999991,273.0137825999991,0,0,999,0,
41,5,274.4803063999989,,275.9803177999984,,1.5,right,0,False,,C:\Users\Public\LAB PROJECTS\Smith-Lab\tacs3-bluesky\code\sst\images\right_arrow.png,0.75,273.01380569999856,274.46366169999965,273.01380569999856,274.46366169999965,275.9803177999984,277.91349759999866,0,0,999,0,
42,5,279.3802861999993,,280.88029579999966,,1.5,left,0,False,,C:\Users\Public\LAB PROJECTS\Smith-Lab\tacs3-bluesky\code\sst\images\left_arrow.png,0.75,277.91352019999977,279.3635409999988,277.91352019999977,279.3635409999988,280.88029579999966,283.63036439999996,0,0,999,0,
43,5,285.24689880000005,,286.7469102999985,,1.5,left,0,False,,C:\Users\Public\LAB PROJECTS\Smith-Lab\tacs3-bluesky\code\sst\images\left_arrow.png,0.75,283.6303874999994,285.2303075999989,283.6303874999994,285.2303075999989,286.7469102999985,291.6804347999987,0,0,999,0,
44,5,293.3639790999987,,293.50375749999876,,0.14,left,0,True,0.1396733999990829,C:\Users\Public\LAB PROJECTS\Smith-Lab\tacs3-bluesky\code\sst\images\left_arrow.png,0.75,291.68045879999954,293.3471851999984,291.68045879999954,293.3471851999984,293.50375749999876,297.44697469999846,1,0,0,0,
45,5,299.39692209999885,,299.45578829999977,,0.059,right,0,True,0.05875010000090697,C:\Users\Public\LAB PROJECTS\Smith-Lab\tacs3-bluesky\code\sst\images\right_arrow.png,0.75,297.44699859999855,299.38021489999846,297.44699859999855,299.38021489999846,299.45578829999977,303.14691700000003,0,1,0,0,
46,5,304.8302559999993,,305.13581239999985,,0.305,right,0,True,0.3054504000010638,C:\Users\Public\LAB PROJECTS\Smith-Lab\tacs3-bluesky\code\sst\images\right_arrow.png,0.75,303.1469408999983,304.8136104999994,303.1469408999983,304.8136104999994,305.13581239999985,311.3636977999995,0,1,0,0,
47,5,312.9637144999997,,313.7436969999999,,0.78,left,0,True,0.779905499999586,C:\Users\Public\LAB PROJECTS\Smith-Lab\tacs3-bluesky\code\sst\images\left_arrow.png,0.75,311.3637215999988,312.9469491,311.3637215999988,312.9469491,313.7436969999999,317.5637047,1,0,0,0,
48,5,319.0469739,,319.1118196999996,,0.065,right,0,True,0.06473509999887028,C:\Users\Public\LAB PROJECTS\Smith-Lab\tacs3-bluesky\code\sst\images\right_arrow.png,0.75,317.5637285999983,319.0302198999998,317.5637285999983,319.0302198999998,319.1118196999996,326.94726359999913,0,1,0,0,
49,5,328.2970729999997,,329.1439311999984,,0.847,right,0,True,0.8467233999999735,C:\Users\Public\LAB PROJECTS\Smith-Lab\tacs3-bluesky\code\sst\images\right_arrow.png,0.75,326.9473408999984,328.2804819999983,326.9473408999984,328.2804819999983,329.1439311999984,333.24681539999983,0,1,0,0,
50,5,335.59669479999866,,335.69580269999824,,0.099,left,0,True,0.09901360000003478,C:\Users\Public\LAB PROJECTS\Smith-Lab\tacs3-bluesky\code\sst\images\left_arrow.png,0.75,333.24683860000005,335.5801236999996,333.24683860000005,335.5801236999996,335.69580269999824,339.7801882999993,1,0,0,0,
51,5,341.31352479999987,,341.48790669999835,,0.174,left,1,True,0.17428839999956836,C:\Users\Public\LAB PROJECTS\Smith-Lab\tacs3-bluesky\code\sst\images\left_arrow.png,0.7,339.7802189999984,341.2967512999985,339.7802189999984,341.2967512999985,341.48790669999835,348.8467254999996,0,0,0,0,True
52,5,350.2301273999983,,350.3198063999989,,0.09,right,0,True,0.08958720000009635,C:\Users\Public\LAB PROJECTS\Smith-Lab\tacs3-bluesky\code\sst\images\right_arrow.png,0.7,348.8467494999986,350.21346229999835,348.8467494999986,350.21346229999835,350.3198063999989,353.9800783999999,0,1,0,0,
53,5,355.9803587999995,,356.1916887999996,,0.211,right,0,True,0.21125099999881058,C:\Users\Public\LAB PROJECTS\Smith-Lab\tacs3-bluesky\code\sst\images\right_arrow.png,0.7,353.9801024999997,355.96415290000004,353.9801024999997,355.96415290000004,356.1916887999996,359.39679369999976,0,1,0,0,
54,5,361.24670389999847,,362.74671599999965,,1.5,right,0,False,,C:\Users\Public\LAB PROJECTS\Smith-Lab\tacs3-bluesky\code\sst\images\right_arrow.png,0.7,359.3968174999991,361.2301134999998,359.3968174999991,361.2301134999998,362.74671599999965,365.1967803999996,0,0,999,0,
55,5,367.2633446,367.96489179999844,368.7633563999989,368.7633563999989,1.5,right,1,False,,C:\Users\Public\LAB PROJECTS\Smith-Lab\tacs3-bluesky\code\sst\images\right_arrow.png,0.75,365.1968046999991,367.2467205999983,365.1968046999991,367.2467205999983,368.7633563999989,371.3134915999999,0,0,0,1,
56,5,372.96357629999875,373.71523649999835,374.4635857999983,374.4635857999983,1.5,right,1,False,,C:\Users\Public\LAB PROJECTS\Smith-Lab\tacs3-bluesky\code\sst\images\right_arrow.png,0.8,371.31351599999834,372.9466668999994,371.31351599999834,372.9466668999994,374.4635857999983,381.39683259999947,0,0,0,1,
57,5,383.29683249999835,,384.79684689999885,,1.5,right,0,False,,C:\Users\Public\LAB PROJECTS\Smith-Lab\tacs3-bluesky\code\sst\images\right_arrow.png,0.8,381.3968572999984,383.28002639999977,381.3968572999984,383.28002639999977,384.79684689999885,387.44679299999916,0,0,999,0,
58,5,388.88010119999853,389.6817792999991,390.380114399999,390.380114399999,1.5,left,1,False,,C:\Users\Public\LAB PROJECTS\Smith-Lab\tacs3-bluesky\code\sst\images\left_arrow.png,0.85,387.4468156999992,388.86345589999837,387.4468156999992,388.86345589999837,390.380114399999,393.2134529999985,0,0,0,1,
59,5,395.3135324999985,,396.8135433999996,,1.5,right,0,False,,C:\Users\Public\LAB PROJECTS\Smith-Lab\tacs3-bluesky\code\sst\images\right_arrow.png,0.85,393.21347719999903,395.29676219999965,393.21347719999903,395.29676219999965,396.8135433999996,401.7302516999989,0,0,999,0,
60,5,403.1300805999999,403.98171079999884,404.63009189999866,404.63009189999866,1.5,left,1,False,,C:\Users\Public\LAB PROJECTS\Smith-Lab\tacs3-bluesky\code\sst\images\left_arrow.png,0.9,401.7302811999998,403.1134968999995,401.7302811999998,403.1134968999995,404.63009189999866,408.9139189999987,0,0,0,1,
61,5,410.79686069999843,411.69850869999937,412.2968715999996,412.2968715999996,1.5,right,1,False,,C:\Users\Public\LAB PROJECTS\Smith-Lab\tacs3-bluesky\code\sst\images\right_arrow.png,0.9,408.91394989999935,410.7802053999985,408.91394989999935,410.7802053999985,412.2968715999996,415.5302213999985,0,0,0,1,
62,5,417.0968432999998,,418.59685699999864,,1.5,left,0,False,,C:\Users\Public\LAB PROJECTS\Smith-Lab\tacs3-bluesky\code\sst\images\left_arrow.png,0.9,415.5302462999989,417.0802219999987,415.5302462999989,417.0802219999987,418.59685699999864,421.08027069999844,0,0,999,0,
63,5,423.3304129999997,,424.8304275999999,,1.5,right,0,False,,C:\Users\Public\LAB PROJECTS\Smith-Lab\tacs3-bluesky\code\sst\images\right_arrow.png,0.9,421.0802939999994,423.3136304999989,421.0802939999994,423.3136304999989,424.8304275999999,427.1970227999991,0,0,999,0,
64,5,428.9471393999993,429.8487166999985,430.4471503999994,430.4471503999994,1.5,right,1,False,,C:\Users\Public\LAB PROJECTS\Smith-Lab\tacs3-bluesky\code\sst\images\right_arrow.png,0.9,427.1970464999995,428.93038539999907,427.1970464999995,428.93038539999907,430.4471503999994,432.78026229999887,0,0,0,1,
65,5,434.54709679999905,,436.04710949999935,,1.5,right,0,False,,C:\Users\Public\LAB PROJECTS\Smith-Lab\tacs3-bluesky\code\sst\images\right_arrow.png,0.9,432.7802862999997,434.5305740999993,432.7802862999997,434.5305740999993,436.04710949999935,440.28042469999855,0,0,999,0,
66,5,441.947062199999,,443.4470713999999,,1.5,left,0,False,,C:\Users\Public\LAB PROJECTS\Smith-Lab\tacs3-bluesky\code\sst\images\left_arrow.png,0.9,440.2804483,441.9303240999998,440.2804483,441.9303240999998,443.4470713999999,447.69712249999975,0,0,999,0,
67,5,449.84703739999895,,451.34704729999976,,1.5,right,0,False,,C:\Users\Public\LAB PROJECTS\Smith-Lab\tacs3-bluesky\code\sst\images\right_arrow.png,0.9,447.6971453999995,449.83052569999927,447.6971453999995,449.83052569999927,451.34704729999976,454.6306663999985,0,0,999,0,
68,5,456.8635250999996,,458.3635386999995,,1.5,left,0,False,,C:\Users\Public\LAB PROJECTS\Smith-Lab\tacs3-bluesky\code\sst\images\left_arrow.png,0.9,454.63069089999954,456.8467938999984,454.63069089999954,456.8467938999984,458.3635386999995,460.4302812999995,0,0,999,0,
69,5,461.84698379999827,,463.3469953999993,,1.5,left,0,False,,C:\Users\Public\LAB PROJECTS\Smith-Lab\tacs3-bluesky\code\sst\images\left_arrow.png,0.9,460.4303043,461.8303742999997,460.4303043,461.8303742999997,463.3469953999993,465.2968811999999,0,0,999,0,
70,5,466.81344139999965,,468.3134545999983,,1.5,left,0,False,,C:\Users\Public\LAB PROJECTS\Smith-Lab\tacs3-bluesky\code\sst\images\left_arrow.png,0.9,465.2969043999983,466.7968420999987,465.2969043999983,466.7968420999987,468.3134545999983,471.89730599999893,0,0,999,0,
71,5,473.29681229999915,,474.7968260999987,,1.5,left,0,False,,C:\Users\Public\LAB PROJECTS\Smith-Lab\tacs3-bluesky\code\sst\images\left_arrow.png,0.9,471.8973318999997,473.28015069999856,471.8973318999997,473.28015069999856,474.7968260999987,476.8136579999991,0,0,999,0,
72,5,478.94717539999874,479.8487374999986,480.4471899,480.4471899,1.5,right,1,False,,C:\Users\Public\LAB PROJECTS\Smith-Lab\tacs3-bluesky\code\sst\images\right_arrow.png,0.9,476.81368119999934,478.9307239999998,476.81368119999934,478.9307239999998,480.4471899,486.430220799999,0,0,0,1,
73,5,487.7802636999986,,489.2802759999995,,1.5,left,0,False,,C:\Users\Public\LAB PROJECTS\Smith-Lab\tacs3-bluesky\code\sst\images\left_arrow.png,0.9,486.43024519999926,487.7634930999993,486.43024519999926,487.7634930999993,489.2802759999995,492.6801521999987,0,0,999,0,
74,5,494.28023719999874,,495.7802474,,1.5,left,0,False,,C:\Users\Public\LAB PROJECTS\Smith-Lab\tacs3-bluesky\code\sst\images\left_arrow.png,0.9,492.68018519999896,494.2635496999992,492.68018519999896,494.2635496999992,495.7802474,498.3468181999997,0,0,999,0,
75,5,499.8801834999995,500.7816568999988,501.3801958999993,501.3801958999993,1.5,left,1,False,,C:\Users\Public\LAB PROJECTS\Smith-Lab\tacs3-bluesky\code\sst\images\left_arrow.png,0.9,498.34684189999825,499.86356839999826,498.34684189999825,499.86356839999826,501.3801958999993,503.69690759999867,0,0,0,1,
76,5,505.5967451999986,506.4982904999997,507.09675519999837,507.09675519999837,1.5,right,1,False,,C:\Users\Public\LAB PROJECTS\Smith-Lab\tacs3-bluesky\code\sst\images\right_arrow.png,0.9,503.6969317999992,505.5802004999987,503.6969317999992,505.5802004999987,507.09675519999837,509.9801496,0,0,0,1,
77,5,511.33058249999885,,512.8305981999983,,1.5,right,0,False,,C:\Users\Public\LAB PROJECTS\Smith-Lab\tacs3-bluesky\code\sst\images\right_arrow.png,0.9,509.98017309999886,511.3135908999993,509.98017309999886,511.3135908999993,512.8305981999983,516.5973368999985,0,0,999,0,
78,5,518.1970454999991,,519.6970581999994,,1.5,left,0,False,,C:\Users\Public\LAB PROJECTS\Smith-Lab\tacs3-bluesky\code\sst\images\left_arrow.png,0.9,516.5973630999997,518.1803937999994,516.5973630999997,518.1803937999994,519.6970581999994,521.897046099999,0,0,999,0,
79,5,523.5804683999995,,525.0804798999998,,1.5,left,0,False,,C:\Users\Public\LAB PROJECTS\Smith-Lab\tacs3-bluesky\code\sst\images\left_arrow.png,0.9,521.8970729999983,523.5637918999983,521.8970729999983,523.5637918999983,525.0804798999998,527.0304950999998,0,0,999,0,
80,5,528.6804575999995,,530.1804679999987,,1.5,left,0,False,,C:\Users\Public\LAB PROJECTS\Smith-Lab\tacs3-bluesky\code\sst\images\left_arrow.png,0.9,527.0305181999993,528.6638459999995,527.0305181999993,528.6638459999995,530.1804679999987,534.9471777999988,0,0,999,0,
81,5,536.6304484999982,537.5319444999986,538.130460299999,538.130460299999,1.5,left,1,False,,C:\Users\Public\LAB PROJECTS\Smith-Lab\tacs3-bluesky\code\sst\images\left_arrow.png,0.9,534.9472024999995,536.6138002999996,534.9472024999995,536.6138002999996,538.130460299999,543.2638286999991,0,0,0,1,
82,5,544.647096499999,545.5485762999997,546.1471055999991,546.1471055999991,1.5,left,1,False,,C:\Users\Public\LAB PROJECTS\Smith-Lab\tacs3-bluesky\code\sst\images\left_arrow.png,0.9,543.2638535999995,544.6304094999996,543.2638535999995,544.6304094999996,546.1471055999991,549.9805296999984,0,0,0,1,
83,5,551.3804047999984,552.281949799999,552.8804148999989,552.8804148999989,1.5,right,1,False,,C:\Users\Public\LAB PROJECTS\Smith-Lab\tacs3-bluesky\code\sst\images\right_arrow.png,0.9,549.980553899999,551.3637706999998,549.980553899999,551.3637706999998,552.8804148999989,556.0637810999997,0,0,0,1,
84,5,557.5640102999987,,559.0640237999996,,1.5,right,0,False,,C:\Users\Public\LAB PROJECTS\Smith-Lab\tacs3-bluesky\code\sst\images\right_arrow.png,0.9,556.0638058999994,557.5471380999988,556.0638058999994,557.5471380999988,559.0640237999996,563.6639891999985,0,0,999,0,
85,5,565.4138651999983,566.315369599999,566.9138761999984,566.9138761999984,1.5,left,1,False,,C:\Users\Public\LAB PROJECTS\Smith-Lab\tacs3-bluesky\code\sst\images\left_arrow.png,0.9,563.6640117999996,565.3972314999992,563.6640117999996,565.3972314999992,566.9138761999984,569.0306041999993,0,0,0,1,
86,5,570.8471921,,572.3472055999991,,1.5,left,0,False,,C:\Users\Public\LAB PROJECTS\Smith-Lab\tacs3-bluesky\code\sst\images\left_arrow.png,0.9,569.0306470999985,570.8305163999994,569.0306470999985,570.8305163999994,572.3472055999991,578.5803010999989,0,0,999,0,
87,5,580.0968522999992,580.9983737999992,581.5968641999989,581.5968641999989,1.5,left,1,False,,C:\Users\Public\LAB PROJECTS\Smith-Lab\tacs3-bluesky\code\sst\images\left_arrow.png,0.9,578.5803239999987,580.0801863999986,578.5803239999987,580.0801863999986,581.5968641999989,583.8469076999991,0,0,0,1,
88,5,585.413553299999,586.315101799999,586.9135656999988,586.9135656999988,1.5,right,1,False,,C:\Users\Public\LAB PROJECTS\Smith-Lab\tacs3-bluesky\code\sst\images\right_arrow.png,0.9,583.8469318999996,585.3969232999989,583.8469318999996,585.3969232999989,586.9135656999988,589.5471776999984,0,0,0,1,
89,5,590.9801478999998,,592.4801575999991,,1.5,right,0,False,,C:\Users\Public\LAB PROJECTS\Smith-Lab\tacs3-bluesky\code\sst\images\right_arrow.png,0.9,589.5472088999995,590.9635900999983,589.5472088999995,590.9635900999983,592.4801575999991,594.8970070999985,0,0,999,0,
90,5,596.8471252999989,,598.3471399999999,,1.5,left,0,False,,C:\Users\Public\LAB PROJECTS\Smith-Lab\tacs3-bluesky\code\sst\images\left_arrow.png,0.9,594.8970339999996,596.8306508999995,594.8970339999996,596.8306508999995,598.3471399999999,602.4970086999983,0,0,999,0,
91,5,603.8803558,604.7818863999983,605.380365699999,605.380365699999,1.5,left,1,False,,C:\Users\Public\LAB PROJECTS\Smith-Lab\tacs3-bluesky\code\sst\images\left_arrow.png,0.9,602.4970317999996,603.8639910999991,602.4970317999996,603.8639910999991,605.380365699999,607.3302064,0,0,0,1,
92,5,608.7969421999987,,610.2969534999993,,1.5,left,0,False,,C:\Users\Public\LAB PROJECTS\Smith-Lab\tacs3-bluesky\code\sst\images\left_arrow.png,0.9,607.3302593999997,608.780230299999,607.3302593999997,608.780230299999,610.2969534999993,612.9469969999991,0,0,999,0,
93,5,614.4137334999996,,615.9137434999993,,1.5,left,0,False,,C:\Users\Public\LAB PROJECTS\Smith-Lab\tacs3-bluesky\code\sst\images\left_arrow.png,0.9,612.9470232999993,614.3970190999989,612.9470232999993,614.3970190999989,615.9137434999993,617.8968758999999,0,0,999,0,
94,5,619.2801728999984,620.1816579999995,620.7801856999995,620.7801856999995,1.5,right,1,False,,C:\Users\Public\LAB PROJECTS\Smith-Lab\tacs3-bluesky\code\sst\images\right_arrow.png,0.9,617.8968987999997,619.2635175999985,617.8968987999997,619.2635175999985,620.7801856999995,624.4469349999999,0,0,0,1,
95,5,625.9638679999989,626.8653323999988,627.4638805999984,627.4638805999984,1.5,right,1,False,,C:\Users\Public\LAB PROJECTS\Smith-Lab\tacs3-bluesky\code\sst\images\right_arrow.png,0.9,624.446958999999,625.9474199999986,624.446958999999,625.9474199999986,627.4638805999984,629.9303152999983,0,0,0,1,
96,5,631.6971715,,633.1971835999993,,1.5,left,0,False,,C:\Users\Public\LAB PROJECTS\Smith-Lab\tacs3-bluesky\code\sst\images\left_arrow.png,0.9,629.9303389999986,631.6805673999988,629.9303389999986,631.6805673999988,633.1971835999993,635.2471772999997,0,0,999,0,
97,5,636.9305537,,638.4305671999991,,1.5,right,0,False,,C:\Users\Public\LAB PROJECTS\Smith-Lab\tacs3-bluesky\code\sst\images\right_arrow.png,0.9,635.2472005,636.9138349999994,635.2472005,636.9138349999994,638.4305671999991,640.2805745999995,0,0,999,0,
98,5,641.7471567999983,642.6487216999994,643.247168599999,643.247168599999,1.5,right,1,False,,C:\Users\Public\LAB PROJECTS\Smith-Lab\tacs3-bluesky\code\sst\images\right_arrow.png,0.9,640.2805980999983,641.7305689999994,640.2805980999983,641.7305689999994,643.247168599999,647.6304897999999,0,0,0,1,
99,5,649.1305011999993,650.0321026999991,650.6305112999999,650.6305112999999,1.5,right,1,False,,C:\Users\Public\LAB PROJECTS\Smith-Lab\tacs3-bluesky\code\sst\images\right_arrow.png,0.9,647.6305151999986,649.1138466999982,647.6305151999986,649.1138466999982,650.6305112999999,655.2638665999984,0,0,0,1,
100,5,657.1138342999984,,658.6138457999987,,1.5,left,0,False,,C:\Users\Public\LAB PROJECTS\Smith-Lab\tacs3-bluesky\code\sst\images\left_arrow.png,0.9,655.2638910999995,657.097312599999,655.2638910999995,657.097312599999,658.6138457999987,660.813951099999,0,0,999,0,
