trialNumber	bet	stim_onset	stop_onset	stimulus_offset	stop_offset	duration	stimulus	stop	response	rt	stim_file	ssd	fixation_onset	fixation_offset	isi_onset	isi_offset	iti_onset	iti_offset	go_correct	go_incorrect	go_miss	stop_success	stop_failure_arrowcorrect
1	0	1.5267856000000393		3.0267997000000832		1.5	right	0	False		C:\Users\Public\LAB PROJECTS\Smith-Lab\tacs3-bluesky\code\sst\images\right_arrow.png	0.25	0.0019072000004598522	1.5099958000000697	0.0019072000004598522	1.5099958000000697	3.0267997000000832	4.75991570000042	0	0	999	0	
2	0	6.710067600000002		8.210082100000363		1.5	right	0	False		C:\Users\Public\LAB PROJECTS\Smith-Lab\tacs3-bluesky\code\sst\images\right_arrow.png	0.25	4.759938600000169	6.693398000000343	4.759938600000169	6.693398000000343	8.210082100000363	11.176724900000409	0	0	999	0	
3	0	12.393162600000323		13.893176499999754		1.5	right	0	False		C:\Users\Public\LAB PROJECTS\Smith-Lab\tacs3-bluesky\code\sst\images\right_arrow.png	0.25	11.176747999999861	12.376599899999746	11.176747999999861	12.376599899999746	13.893176499999754	20.6433461000006	0	0	999	0	
4	0	22.026650800000425	22.278239000000212	23.52666229999977	23.52666229999977	1.5	left	1	False		C:\Users\Public\LAB PROJECTS\Smith-Lab\tacs3-bluesky\code\sst\images\left_arrow.png	0.3	20.643369999999777	22.009997300000578	20.643369999999777	22.009997300000578	23.52666229999977	24.560512900000504	0	0	0	1	
5	0	26.643381599999884		28.143392500000118		1.5	right	0	False		C:\Users\Public\LAB PROJECTS\Smith-Lab\tacs3-bluesky\code\sst\images\right_arrow.png	0.3	24.56053729999985	26.62679029999981	24.56053729999985	26.62679029999981	28.143392500000118	30.943260200000623	0	0	999	0	
6	0	32.25994230000015		33.75995220000004		1.5	left	0	False		C:\Users\Public\LAB PROJECTS\Smith-Lab\tacs3-bluesky\code\sst\images\left_arrow.png	0.3	30.943329700000504	32.24343120000049	30.943329700000504	32.24343120000049	33.75995220000004	35.04327869999997	0	0	999	0	
7	0	36.69326999999976		38.193282700000054		1.5	right	0	False		C:\Users\Public\LAB PROJECTS\Smith-Lab\tacs3-bluesky\code\sst\images\right_arrow.png	0.3	35.043302799999765	36.67700380000042	35.043302799999765	36.67700380000042	38.193282700000054	40.36011380000036	0	0	999	0	
8	0	42.17683810000017		43.676855499999874		1.5	right	0	False		C:\Users\Public\LAB PROJECTS\Smith-Lab\tacs3-bluesky\code\sst\images\right_arrow.png	0.3	40.3601378000003	42.16009500000018	40.3601378000003	42.16009500000018	43.676855499999874	46.07657610000024	0	0	999	0	
9	0	47.24324070000057		48.74325070000032		1.5	right	0	False		C:\Users\Public\LAB PROJECTS\Smith-Lab\tacs3-bluesky\code\sst\images\right_arrow.png	0.3	46.07659960000001	47.226661499999864	46.07659960000001	47.226661499999864	48.74325070000032	53.50997139999981	0	0	999	0	
10	0	54.57672139999977		56.07673260000047		1.5	left	0	False		C:\Users\Public\LAB PROJECTS\Smith-Lab\tacs3-bluesky\code\sst\images\left_arrow.png	0.3	53.50999469999988	54.56114170000001	53.50999469999988	54.56114170000001	56.07673260000047	58.1099535000003	0	0	999	0	
11	0	59.45990849999998		60.95992320000005		1.5	left	0	False		C:\Users\Public\LAB PROJECTS\Smith-Lab\tacs3-bluesky\code\sst\images\left_arrow.png	0.3	58.10997550000047	59.44333389999974	58.10997550000047	59.44333389999974	60.95992320000005	62.82666539999991	0	0	999	0	
12	0	64.7432832000004	65.04484810000031	66.2432929000006	66.2432929000006	1.5	right	1	False		C:\Users\Public\LAB PROJECTS\Smith-Lab\tacs3-bluesky\code\sst\images\right_arrow.png	0.35	62.8267007000004	64.72667439999987	62.8267007000004	64.72667439999987	66.2432929000006	68.14403730000049	0	0	0	1	
13	0	69.25998720000007		70.75999899999988		1.5	left	0	False		C:\Users\Public\LAB PROJECTS\Smith-Lab\tacs3-bluesky\code\sst\images\left_arrow.png	0.35	68.14406580000013	69.24332570000024	68.14406580000013	69.24332570000024	70.75999899999988	74.86029000000053	0	0	999	0	
14	0	76.89338829999997		78.3934005000001		1.5	right	0	False		C:\Users\Public\LAB PROJECTS\Smith-Lab\tacs3-bluesky\code\sst\images\right_arrow.png	0.35	74.8603135000003	76.87687710000046	74.8603135000003	76.87687710000046	78.3934005000001	81.21022580000044	0	0	999	0	
15	0	82.22683920000054		83.72684910000044		1.5	left	0	False		C:\Users\Public\LAB PROJECTS\Smith-Lab\tacs3-bluesky\code\sst\images\left_arrow.png	0.35	81.21024980000038	82.21026640000036	81.21024980000038	82.21026640000036	83.72684910000044	85.74362040000051	0	0	999	0	
16	0	87.44352270000036	87.79500619999999	88.94353240000055	88.94353240000055	1.5	right	1	False		C:\Users\Public\LAB PROJECTS\Smith-Lab\tacs3-bluesky\code\sst\images\right_arrow.png	0.4	85.74364280000009	87.42697409999982	85.74364280000009	87.42697409999982	88.94353240000055	92.61025450000034	0	0	0	1	
17	0	93.79356749999988		95.29357919999984		1.5	right	0	False		C:\Users\Public\LAB PROJECTS\Smith-Lab\tacs3-bluesky\code\sst\images\right_arrow.png	0.4	92.61027860000013	93.77699790000042	92.61027860000013	93.77699790000042	95.29357919999984	97.6935027999998	0	0	999	0	
18	0	98.71026419999998	99.11174279999977	100.21027349999986	100.21027349999986	1.5	left	1	False		C:\Users\Public\LAB PROJECTS\Smith-Lab\tacs3-bluesky\code\sst\images\left_arrow.png	0.45	97.69352650000019	98.69356210000024	97.69352650000019	98.69356210000024	100.21027349999986	102.07682360000035	0	0	0	1	
19	0	103.92687440000009	104.3783768000003	105.42688520000047	105.42688520000047	1.5	left	1	False		C:\Users\Public\LAB PROJECTS\Smith-Lab\tacs3-bluesky\code\sst\images\left_arrow.png	0.5	102.07685370000036	103.91022369999973	102.07685370000036	103.91022369999973	105.42688520000047	108.26013299999977	0	0	0	1	
20	0	109.70996110000033		111.20997360000001		1.5	right	0	False		C:\Users\Public\LAB PROJECTS\Smith-Lab\tacs3-bluesky\code\sst\images\right_arrow.png	0.5	108.26015800000005	109.69348480000008	108.26015800000005	109.69348480000008	111.20997360000001	112.57663630000025	0	0	999	0	
21	0	114.37668940000003		115.87670070000058		1.5	left	0	False		C:\Users\Public\LAB PROJECTS\Smith-Lab\tacs3-bluesky\code\sst\images\left_arrow.png	0.5	112.5766609000002	114.36009170000034	112.5766609000002	114.36009170000034	115.87670070000058	117.14320990000033	0	0	999	0	
22	0	119.26002729999982	119.76154740000038	120.7600382999999	120.7600382999999	1.5	left	1	False		C:\Users\Public\LAB PROJECTS\Smith-Lab\tacs3-bluesky\code\sst\images\left_arrow.png	0.55	117.14323299999978	119.24331950000033	117.14323299999978	119.24331950000033	120.7600382999999	123.46108439999989	0	0	0	1	
23	0	125.02677630000017		126.52678860000015		1.5	left	0	False		C:\Users\Public\LAB PROJECTS\Smith-Lab\tacs3-bluesky\code\sst\images\left_arrow.png	0.55	123.46113229999992	125.01021800000035	123.46113229999992	125.01021800000035	126.52678860000015	129.7432987000002	0	0	999	0	
24	0	130.96009200000026	131.51159129999996	132.46010130000013	132.46010130000013	1.5	right	1	False		C:\Users\Public\LAB PROJECTS\Smith-Lab\tacs3-bluesky\code\sst\images\right_arrow.png	0.6	129.74332380000033	130.94325819999995	129.74332380000033	130.94325819999995	132.46010130000013	135.35996239999986	0	0	0	1	
25	0	136.7599508000003		138.25996310000028		1.5	right	0	False		C:\Users\Public\LAB PROJECTS\Smith-Lab\tacs3-bluesky\code\sst\images\right_arrow.png	0.6	135.3601574000004	136.74325640000006	135.3601574000004	136.74325640000006	138.25996310000028	141.35991900000045	0	0	999	0	
26	0	142.54346580000038		144.04347959999996		1.5	right	0	False		C:\Users\Public\LAB PROJECTS\Smith-Lab\tacs3-bluesky\code\sst\images\right_arrow.png	0.6	141.35995420000017	142.5267147000004	141.35995420000017	142.5267147000004	144.04347959999996	147.87682920000043	0	0	999	0	
27	0	149.19320979999975		150.69322310000007		1.5	right	0	False		C:\Users\Public\LAB PROJECTS\Smith-Lab\tacs3-bluesky\code\sst\images\right_arrow.png	0.6	147.87685690000035	149.17663880000055	147.87685690000035	149.17663880000055	150.69322310000007	154.1099752	0	0	999	0	
28	0	155.57690580000053		157.0769197999998		1.5	left	0	False		C:\Users\Public\LAB PROJECTS\Smith-Lab\tacs3-bluesky\code\sst\images\left_arrow.png	0.6	154.10999940000056	155.5611987000002	154.10999940000056	155.5611987000002	157.0769197999998	162.54360580000048	0	0	999	0	
29	0	164.04326300000048	164.64482020000014	165.54327439999997	165.54327439999997	1.5	right	1	False		C:\Users\Public\LAB PROJECTS\Smith-Lab\tacs3-bluesky\code\sst\images\right_arrow.png	0.65	162.54363000000012	164.0268758000002	162.54363000000012	164.0268758000002	165.54327439999997	168.97703290000027	0	0	0	1	
30	0	170.02719820000038		171.52720880000015		1.5	right	0	False		C:\Users\Public\LAB PROJECTS\Smith-Lab\tacs3-bluesky\code\sst\images\right_arrow.png	0.65	168.97706579999976	170.01027599999998	168.97706579999976	170.01027599999998	171.52720880000015	172.69384919999993	0	0	999	0	
31	0	174.3102743999998		175.81028539999988		1.5	left	0	False		C:\Users\Public\LAB PROJECTS\Smith-Lab\tacs3-bluesky\code\sst\images\left_arrow.png	0.65	172.69387520000055	174.29371720000017	172.69387520000055	174.29371720000017	175.81028539999988	178.0105424000003	0	0	999	0	
32	0	180.17719269999998		181.6772060000003		1.5	right	0	False		C:\Users\Public\LAB PROJECTS\Smith-Lab\tacs3-bluesky\code\sst\images\right_arrow.png	0.65	178.01056580000022	180.16037200000028	178.01056580000022	180.16037200000028	181.6772060000003	184.89363810000032	0	0	999	0	
33	0	186.24401949999992	186.89560540000002	187.74403210000037	187.74403210000037	1.5	left	1	False		C:\Users\Public\LAB PROJECTS\Smith-Lab\tacs3-bluesky\code\sst\images\left_arrow.png	0.7	184.8936635	186.2270199000004	184.8936635	186.2270199000004	187.74403210000037	188.99371299999984	0	0	0	1	
34	0	190.11033450000014		191.61034530000052		1.5	right	0	False		C:\Users\Public\LAB PROJECTS\Smith-Lab\tacs3-bluesky\code\sst\images\right_arrow.png	0.7	188.99373749999995	190.0937109000006	188.99373749999995	190.0937109000006	191.61034530000052	196.61042499999985	0	0	999	0	
35	0	197.6269153000003		199.12692909999987		1.5	right	0	False		C:\Users\Public\LAB PROJECTS\Smith-Lab\tacs3-bluesky\code\sst\images\right_arrow.png	0.7	196.6104492000004	197.6102479000001	196.6104492000004	197.6102479000001	199.12692909999987	202.2436961000003	0	0	999	0	
36	0	204.09358280000015	204.7953354000001	205.59359289999975	205.59359289999975	1.5	left	1	False		C:\Users\Public\LAB PROJECTS\Smith-Lab\tacs3-bluesky\code\sst\images\left_arrow.png	0.75	202.24371930000052	204.07698189999974	202.24371930000052	204.07698189999974	205.59359289999975	208.57709630000045	0	0	0	1	
37	0	210.2602698999999		211.7602811000006		1.5	left	0	False		C:\Users\Public\LAB PROJECTS\Smith-Lab\tacs3-bluesky\code\sst\images\left_arrow.png	0.75	208.57712129999982	210.2438087999999	208.57712129999982	210.2438087999999	211.7602811000006	213.21032110000033	0	0	999	0	
38	0	214.64355479999995		216.1435637000004		1.5	left	0	False		C:\Users\Public\LAB PROJECTS\Smith-Lab\tacs3-bluesky\code\sst\images\left_arrow.png	0.75	213.21034430000054	214.62698020000062	213.21034430000054	214.62698020000062	216.1435637000004	218.54390140000032	0	0	999	0	
39	0	219.7769089000003		221.27692060000027		1.5	left	0	False		C:\Users\Public\LAB PROJECTS\Smith-Lab\tacs3-bluesky\code\sst\images\left_arrow.png	0.75	218.5439255000001	219.76029220000055	218.5439255000001	219.76029220000055	221.27692060000027	222.9773709000001	0	0	999	0	
40	0	224.81007180000051		226.3100832		1.5	right	0	False		C:\Users\Public\LAB PROJECTS\Smith-Lab\tacs3-bluesky\code\sst\images\right_arrow.png	0.75	222.97739999999976	224.7934624999998	222.97739999999976	224.7934624999998	226.3100832	227.4435164000006	0	0	999	0	
41	0	229.61006300000008	230.36190369999986	231.1100722000001	231.1100722000001	1.5	right	1	False		C:\Users\Public\LAB PROJECTS\Smith-Lab\tacs3-bluesky\code\sst\images\right_arrow.png	0.8	227.44353950000004	229.59341959999983	227.44353950000004	229.59341959999983	231.1100722000001	234.62689150000006	0	0	0	1	
42	0	235.5769011000002		237.07691429999977		1.5	left	0	False		C:\Users\Public\LAB PROJECTS\Smith-Lab\tacs3-bluesky\code\sst\images\left_arrow.png	0.8	234.62691489999997	235.56068969999978	234.62691489999997	235.56068969999978	237.07691429999977	238.57691030000024	0	0	999	0	
43	0	239.9933044999998		241.49331510000047		1.5	left	0	False		C:\Users\Public\LAB PROJECTS\Smith-Lab\tacs3-bluesky\code\sst\images\left_arrow.png	0.8	238.57693449999988	239.9767606000005	238.57693449999988	239.9767606000005	241.49331510000047	244.61014460000024	0	0	999	0	
44	0	246.5100505999999	247.3115740000003	248.0100596000002	248.0100596000002	1.5	left	1	False		C:\Users\Public\LAB PROJECTS\Smith-Lab\tacs3-bluesky\code\sst\images\left_arrow.png	0.85	244.61016780000045	246.49349040000016	244.61016780000045	246.49349040000016	248.0100596000002	252.72685020000063	0	0	0	1	
45	0	254.24342700000034	255.0951872000005	255.7434401999999	255.7434401999999	1.5	right	1	False		C:\Users\Public\LAB PROJECTS\Smith-Lab\tacs3-bluesky\code\sst\images\right_arrow.png	0.9	252.72687899999983	254.2267442000002	252.72687899999983	254.2267442000002	255.7434401999999	258.5769541999998	0	0	0	1	
46	0	260.0266094999997		261.5266204999998		1.5	left	0	False		C:\Users\Public\LAB PROJECTS\Smith-Lab\tacs3-bluesky\code\sst\images\left_arrow.png	0.9	258.57697890000054	260.0101550999998	258.57697890000054	260.0101550999998	261.5266204999998	265.4267411000001	0	0	999	0	
47	0	266.79331189999994		268.2933217		1.5	left	0	False		C:\Users\Public\LAB PROJECTS\Smith-Lab\tacs3-bluesky\code\sst\images\left_arrow.png	0.9	265.42677170000024	266.7768138000001	265.42677170000024	266.7768138000001	268.2933217	269.4270776000003	0	0	999	0	
48	0	270.4768029000006		271.9768165000005		1.5	right	0	False		C:\Users\Public\LAB PROJECTS\Smith-Lab\tacs3-bluesky\code\sst\images\right_arrow.png	0.9	269.42710179999995	270.4601637000005	269.42710179999995	270.4601637000005	271.9768165000005	273.39350449999984	0	0	999	0	
49	0	274.71006750000015		276.21007819999977		1.5	left	0	False		C:\Users\Public\LAB PROJECTS\Smith-Lab\tacs3-bluesky\code\sst\images\left_arrow.png	0.9	273.3935280000005	274.6935861000002	273.3935280000005	274.6935861000002	276.21007819999977	277.46019700000033	0	0	999	0	
50	0	278.62668459999986		280.1266948000002		1.5	right	0	False		C:\Users\Public\LAB PROJECTS\Smith-Lab\tacs3-bluesky\code\sst\images\right_arrow.png	0.9	277.46021889999975	278.6101726000006	277.46021889999975	278.6101726000006	280.1266948000002	281.12708420000035	0	0	999	0	
51	0	282.14361420000023		283.6436248		1.5	left	0	False		C:\Users\Public\LAB PROJECTS\Smith-Lab\tacs3-bluesky\code\sst\images\left_arrow.png	0.9	281.1271119000003	282.12674979999974	281.1271119000003	282.12674979999974	283.6436248	288.06043560000035	0	0	999	0	
52	0	289.4436796		289.59181890000036		0.148	right	0	True	0.14799410000068747	C:\Users\Public\LAB PROJECTS\Smith-Lab\tacs3-bluesky\code\sst\images\right_arrow.png	0.9	288.06045950000043	289.4269855000002	288.06045950000043	289.4269855000002	289.59181890000036	292.69371779999983	0	1	0	0	
53	0	293.7776693000005		293.84777310000027		0.07	right	0	True	0.0699666000000434	C:\Users\Public\LAB PROJECTS\Smith-Lab\tacs3-bluesky\code\sst\images\right_arrow.png	0.9	292.6937429999998	293.76047629999994	292.6937429999998	293.76047629999994	293.84777310000027	297.24373600000035	0	1	0	0	
54	0	298.7770422000003	299.67853509999986	300.2770550000005	300.2770550000005	1.5	left	1	False		C:\Users\Public\LAB PROJECTS\Smith-Lab\tacs3-bluesky\code\sst\images\left_arrow.png	0.9	297.24375990000044	298.7604065000005	297.24375990000044	298.7604065000005	300.2770550000005	302.9103462000003	0	0	0	1	
55	0	303.8103615		305.3103744		1.5	right	0	False		C:\Users\Public\LAB PROJECTS\Smith-Lab\tacs3-bluesky\code\sst\images\right_arrow.png	0.9	302.9103709000001	303.79369719999977	302.9103709000001	303.79369719999977	305.3103744	307.89417950000006	0	0	999	0	
56	0	309.24383880000005	310.1456177	310.7438501000006	310.7438501000006	1.5	right	1	False		C:\Users\Public\LAB PROJECTS\Smith-Lab\tacs3-bluesky\code\sst\images\right_arrow.png	0.9	307.89420990000053	309.2270835999998	307.89420990000053	309.2270835999998	310.7438501000006	317.29374030000054	0	0	0	1	
57	0	318.2105397000005	319.1121208000004	319.71055070000057	319.71055070000057	1.5	right	1	False		C:\Users\Public\LAB PROJECTS\Smith-Lab\tacs3-bluesky\code\sst\images\right_arrow.png	0.9	317.2937652999999	318.1938409000004	317.2937652999999	318.1938409000004	319.71055070000057	321.4937835999999	0	0	0	1	
58	0	323.2107384000001	324.11246010000013	324.71075220000057	324.71075220000057	1.5	right	1	False		C:\Users\Public\LAB PROJECTS\Smith-Lab\tacs3-bluesky\code\sst\images\right_arrow.png	0.9	321.4938080000002	323.1941615000005	321.4938080000002	323.1941615000005	324.71075220000057	328.01035930000035	0	0	0	1	
59	0	329.2269845999999		330.72699900000043		1.5	left	0	False		C:\Users\Public\LAB PROJECTS\Smith-Lab\tacs3-bluesky\code\sst\images\left_arrow.png	0.9	328.0103839000003	329.2105736000003	328.0103839000003	329.2105736000003	330.72699900000043	333.0938444000003	0	0	999	0	
60	0	335.07698340000024		336.57699539999976		1.5	left	0	False		C:\Users\Public\LAB PROJECTS\Smith-Lab\tacs3-bluesky\code\sst\images\left_arrow.png	0.9	333.09386799999993	335.06044120000024	333.09386799999993	335.06044120000024	336.57699539999976	339.5772050000005	0	0	999	0	
61	0	341.3443722000002		342.84438670000054		1.5	right	0	False		C:\Users\Public\LAB PROJECTS\Smith-Lab\tacs3-bluesky\code\sst\images\right_arrow.png	0.9	339.5772495000001	341.32726230000026	339.5772495000001	341.32726230000026	342.84438670000054	346.0603574000006	0	0	999	0	
62	0	347.09353590000046		348.5935487000006		1.5	right	0	False		C:\Users\Public\LAB PROJECTS\Smith-Lab\tacs3-bluesky\code\sst\images\right_arrow.png	0.9	346.06038140000055	347.0768902	346.06038140000055	347.0768902	348.5935487000006	351.6436027	0	0	999	0	
63	0	353.0769280000004	353.97853190000023	354.57694020000054	354.57694020000054	1.5	left	1	False		C:\Users\Public\LAB PROJECTS\Smith-Lab\tacs3-bluesky\code\sst\images\left_arrow.png	0.9	351.64362619999974	353.0602865999999	351.64362619999974	353.0602865999999	354.57694020000054	356.9269936999999	0	0	0	1	
64	0	358.01012900000023		359.5101414999999		1.5	right	0	False		C:\Users\Public\LAB PROJECTS\Smith-Lab\tacs3-bluesky\code\sst\images\right_arrow.png	0.9	356.92701940000006	357.9934787000002	356.92701940000006	357.9934787000002	359.5101414999999	365.54435420000027	0	0	999	0	
65	0	366.6934860000001	367.5951872000005	368.19349820000025	368.19349820000025	1.5	left	1	False		C:\Users\Public\LAB PROJECTS\Smith-Lab\tacs3-bluesky\code\sst\images\left_arrow.png	0.9	365.54438200000004	366.67690850000054	365.54438200000004	366.67690850000054	368.19349820000025	369.41033940000034	0	0	0	1	
66	0	371.27714639999976		371.54381340000054		0.267	right	0	True	0.2665585999993709	C:\Users\Public\LAB PROJECTS\Smith-Lab\tacs3-bluesky\code\sst\images\right_arrow.png	0.9	369.41036369999983	371.2602109999998	369.41036369999983	371.2602109999998	371.54381340000054	373.96020560000034	0	1	0	0	
67	0	375.04370759999983		375.5997417999997		0.556	right	1	True	0.5559333000001061	C:\Users\Public\LAB PROJECTS\Smith-Lab\tacs3-bluesky\code\sst\images\right_arrow.png	0.85	373.96022940000057	375.02685569999994	373.96022940000057	375.02685569999994	375.5997417999997	383.2935455000006	0	0	0	0	False
68	0	384.3601663999998		385.86017880000054		1.5	right	0	False		C:\Users\Public\LAB PROJECTS\Smith-Lab\tacs3-bluesky\code\sst\images\right_arrow.png	0.85	383.2935693999998	384.34366599999976	383.2935693999998	384.34366599999976	385.86017880000054	386.9102235999999	0	0	999	0	
69	0	388.2101838999997	389.0617581000006	389.71019669999987	389.71019669999987	1.5	left	1	False		C:\Users\Public\LAB PROJECTS\Smith-Lab\tacs3-bluesky\code\sst\images\left_arrow.png	0.9	386.9102468000001	388.19355730000007	386.9102468000001	388.19355730000007	389.71019669999987	392.1270209000004	0	0	0	1	
70	0	393.5435879000006		395.0436021000005		1.5	left	0	False		C:\Users\Public\LAB PROJECTS\Smith-Lab\tacs3-bluesky\code\sst\images\left_arrow.png	0.9	392.1270456000002	393.5270550000005	392.1270456000002	393.5270550000005	395.0436021000005	398.07701670000006	0	0	999	0	
71	0	399.3935468999998	400.29522540000016	400.8935566	400.8935566	1.5	left	1	False		C:\Users\Public\LAB PROJECTS\Smith-Lab\tacs3-bluesky\code\sst\images\left_arrow.png	0.9	398.0770399000003	399.3768992000005	398.0770399000003	399.3768992000005	400.8935566	402.57694900000024	0	0	0	1	
72	0	403.66022669999984		405.1602370999999		1.5	left	0	False		C:\Users\Public\LAB PROJECTS\Smith-Lab\tacs3-bluesky\code\sst\images\left_arrow.png	0.9	402.5769750999998	403.64361220000046	402.5769750999998	403.64361220000046	405.1602370999999	406.49377710000044	0	0	999	0	
73	0	407.6268835000001		409.12689670000054		1.5	left	0	False		C:\Users\Public\LAB PROJECTS\Smith-Lab\tacs3-bluesky\code\sst\images\left_arrow.png	0.9	406.4938022000006	407.6103211999998	406.4938022000006	407.6103211999998	409.12689670000054	411.0436574000005	0	0	999	0	
74	0	412.06024870000056		413.56025860000045		1.5	right	0	False		C:\Users\Public\LAB PROJECTS\Smith-Lab\tacs3-bluesky\code\sst\images\right_arrow.png	0.9	411.04368260000047	412.04376760000014	411.04368260000047	412.04376760000014	413.56025860000045	415.92696200000046	0	0	999	0	
75	0	417.0103282	417.9121219999997	418.51037559999986	418.51037559999986	1.5	right	1	False		C:\Users\Public\LAB PROJECTS\Smith-Lab\tacs3-bluesky\code\sst\images\right_arrow.png	0.9	415.9269897000004	416.9936852999999	415.9269897000004	416.9936852999999	418.51037559999986	420.61035319999974	0	0	0	1	
76	0	421.6268951000002	422.52843910000047	423.1269041000005	423.1269041000005	1.5	right	1	False		C:\Users\Public\LAB PROJECTS\Smith-Lab\tacs3-bluesky\code\sst\images\right_arrow.png	0.9	420.61037829999987	421.61030519999986	420.61037829999987	421.61030519999986	423.1269041000005	430.1269919000006	0	0	0	1	
77	0	431.2603544000003		432.76036639999984		1.5	right	0	False		C:\Users\Public\LAB PROJECTS\Smith-Lab\tacs3-bluesky\code\sst\images\right_arrow.png	0.9	430.1270153000005	431.2436292000002	430.1270153000005	431.2436292000002	432.76036639999984	434.2770380000002	0	0	999	0	
78	0	435.79409080000005		437.2941043000001		1.5	right	0	False		C:\Users\Public\LAB PROJECTS\Smith-Lab\tacs3-bluesky\code\sst\images\right_arrow.png	0.9	434.27706260000014	435.77715530000023	434.27706260000014	435.77715530000023	437.2941043000001	442.1772711000003	0	0	999	0	
79	0	444.2606080000005	445.16211870000006	445.7606212999999	445.7606212999999	1.5	left	1	False		C:\Users\Public\LAB PROJECTS\Smith-Lab\tacs3-bluesky\code\sst\images\left_arrow.png	0.9	442.17730389999997	444.24379240000053	442.17730389999997	444.24379240000053	445.7606212999999	450.3439933999998	0	0	0	1	
80	0	451.49365490000037		452.9936674999999		1.5	right	0	False		C:\Users\Public\LAB PROJECTS\Smith-Lab\tacs3-bluesky\code\sst\images\right_arrow.png	0.9	450.3440171000002	451.47712670000055	450.3440171000002	451.47712670000055	452.9936674999999	455.01052119999986	0	0	999	0	
81	0	456.22730150000007		457.7273122000006		1.5	left	0	False		C:\Users\Public\LAB PROJECTS\Smith-Lab\tacs3-bluesky\code\sst\images\left_arrow.png	0.9	455.0105491000004	456.2106781000002	455.0105491000004	456.2106781000002	457.7273122000006	461.09393739999996	0	0	999	0	
82	0	462.6274734999997	463.5290173000003	464.12748290000036	464.12748290000036	1.5	left	1	False		C:\Users\Public\LAB PROJECTS\Smith-Lab\tacs3-bluesky\code\sst\images\left_arrow.png	0.9	461.0939607	462.61077449999993	461.0939607	462.61077449999993	464.12748290000036	465.86031640000056	0	0	0	1	
83	0	466.7602268999999		468.26023859999987		1.5	left	0	False		C:\Users\Public\LAB PROJECTS\Smith-Lab\tacs3-bluesky\code\sst\images\left_arrow.png	0.9	465.86035210000045	466.74389260000044	465.86035210000045	466.74389260000044	468.26023859999987	469.61025640000025	0	0	999	0	
84	0	471.34362990000045	472.2454611000003	472.8436400999999	472.8436400999999	1.5	right	1	False		C:\Users\Public\LAB PROJECTS\Smith-Lab\tacs3-bluesky\code\sst\images\right_arrow.png	0.9	469.6102955000006	471.32697310000003	469.6102955000006	471.32697310000003	472.8436400999999	475.1437181000001	0	0	0	1	
85	0	476.62695239999994		478.1269640999999		1.5	left	0	False		C:\Users\Public\LAB PROJECTS\Smith-Lab\tacs3-bluesky\code\sst\images\left_arrow.png	0.9	475.14375010000003	476.6103477000006	475.14375010000003	476.6103477000006	478.1269640999999	480.5768996000006	0	0	999	0	
86	0	481.8272686999999	482.72876840000026	483.32729560000007	483.32729560000007	1.5	right	1	False		C:\Users\Public\LAB PROJECTS\Smith-Lab\tacs3-bluesky\code\sst\images\right_arrow.png	0.9	480.5769228999998	481.81074050000007	480.5769228999998	481.81074050000007	483.32729560000007	485.39377220000006	0	0	0	1	
87	0	486.39359289999993	487.2952924000001	487.89360320000014	487.89360320000014	1.5	left	1	False		C:\Users\Public\LAB PROJECTS\Smith-Lab\tacs3-bluesky\code\sst\images\left_arrow.png	0.9	485.3937968	486.3770414999999	485.3937968	486.3770414999999	487.89360320000014	489.01041220000025	0	0	0	1	
88	0	490.8937102	491.79540970000016	492.3937219999998	492.3937219999998	1.5	left	1	False		C:\Users\Public\LAB PROJECTS\Smith-Lab\tacs3-bluesky\code\sst\images\left_arrow.png	0.9	489.0104372000005	490.87735710000015	489.0104372000005	490.87735710000015	492.3937219999998	495.5609877000006	0	0	0	1	
89	0	496.8771452000001		498.37716030000047		1.5	left	0	False		C:\Users\Public\LAB PROJECTS\Smith-Lab\tacs3-bluesky\code\sst\images\left_arrow.png	0.9	495.5610131000003	496.8604350000005	495.5610131000003	496.8604350000005	498.37716030000047	501.51048360000004	0	0	999	0	
90	0	502.56107520000023		504.0610893000003		1.5	right	0	False		C:\Users\Public\LAB PROJECTS\Smith-Lab\tacs3-bluesky\code\sst\images\right_arrow.png	0.9	501.51050790000045	502.543643	501.51050790000045	502.543643	504.0610893000003	509.2603796000003	0	0	999	0	
91	0	510.5936307000002	511.4953415	512.0936422000004	512.0936422000004	1.5	left	1	False		C:\Users\Public\LAB PROJECTS\Smith-Lab\tacs3-bluesky\code\sst\images\left_arrow.png	0.9	509.2604073000002	510.5770173000001	509.2604073000002	510.5770173000001	512.0936422000004	514.5104673000005	0	0	0	1	
