subject_id	session_id	run	localizer	trial_num	current_good	contingency_id	trial_in_contingency	contingency_trials	flower1	flower2	left_stimulus	right_stimulus	slot1_position	slot2_position	choice	rt	correct	reward	outcome	feedback_marker	trial_start_task_time	trial_start_lsl_time	trial_start_unix_time	choice_window_onset_task_time	choice_window_onset_lsl_time	choice_window_onset_unix_time	choice_onset_task_time	choice_onset_lsl_time	choice_onset_unix_time	choice_marker_send_lsl_time	feedback_onset_task_time	feedback_onset_lsl_time	feedback_onset_unix_time	lsl_marker_send_time	wait_time	iti	run_start_task_time	run_start_lsl_time	run_start_unix_time	run_end_task_time	run_end_lsl_time	run_end_unix_time
sub-10037	ses-1	run-02	0	1	36	1	0	24	36	40	40	36	right	left	1.0	950.094799999988	True	True	win	31	0.0	3626.0551675	1789573196578.53	0.34067392349243164	3626.3966729	1789573196919.204	1.2907687234924197	3627.3467677	1789573197869.2988	3627.6033905	2.188167095184326	3628.2436179	1789573198766.6973	3628.2436179	636.1003662390661	300.0	0.0	3626.0550918	1789573196578.53	431.98951745033264	4058.0602658	1789573628568.0476
sub-10037	ses-1	run-02	0	2	36	1	1	24	36	40	40	36	right	left	1.0	364.6275000000969	True	False	loss	32	3.1898090839385986	3629.245433	1789573199768.339	3.4942784309387207	3629.5501254	1789573200072.8086	3.8589059309388176	3629.9147529	1789573200437.436	3630.1695783	4.686253547668457	3630.7417829	1789573201264.7837	3630.7417829	567.4965806458257	300.0	0.0	3626.0550918	1789573196578.53	431.98951745033264	4058.0602658	1789573628568.0476
sub-10037	ses-1	run-02	0	3	36	1	2	24	36	40	36	40	left	right	2.0	722.9718000003231	False	False	loss	32	5.68824577331543	3631.7437907	1789573202266.776	5.992448329925537	3632.0477549	1789573202570.9785	6.71542012992586	3632.7707267000005	1789573203293.9502	3633.0278736	7.500633239746094	3633.5561757	1789573204079.1633	3633.5561757	523.5459503679119	300.0	0.0	3626.0550918	1789573196578.53	431.98951745033264	4058.0602658	1789573628568.0476
sub-10037	ses-1	run-02	0	4	36	1	3	24	36	40	36	40	left	right	1.0	579.9819000003481	True	True	win	31	8.502056121826172	3634.5583988	1789573205080.5862	8.807311534881592	3634.8628292	1789573205385.8416	9.38729343488194	3635.4428111	1789573205965.8235	3635.6977073	10.336352586746216	3636.3919356	1789573206914.8826	3636.3919356	690.4652074815881	300.0	0.0	3626.0550918	1789573196578.53	431.98951745033264	4058.0602658	1789573628568.0476
sub-10037	ses-1	run-02	0	5	36	1	4	24	36	40	40	36	right	left	1.0	417.3865999996451	True	True	win	31	11.337026357650757	3637.3932331	1789573207915.5564	11.641826629638672	3637.6973999	1789573208220.3567	12.059213229638317	3638.1147865	1789573208637.7434	3638.3710783	12.916183233261108	3638.9718718	1789573209494.7134	3638.9718718	596.0135259871978	300.0	0.0	3626.0550918	1789573196578.53	431.98951745033264	4058.0602658	1789573628568.0476
sub-10037	ses-1	run-02	0	6	36	1	5	24	36	40	40	36	right	left	1.0	340.5342000000928	True	True	win	31	13.91810941696167	3639.9738554	1789573210496.6394	14.222533464431763	3640.2783984	1789573210801.0635	14.563067664431856	3640.6189326	1789573211141.5977	3640.872173	15.405709505081177	3641.4614908	1789573211984.2395	3641.4614908	585.7922500562107	300.0	0.0	3626.0550918	1789573196578.53	431.98951745033264	4058.0602658	1789573628568.0476
sub-10037	ses-1	run-02	0	7	36	1	6	24	36	40	40	36	right	left	1.0	315.6736999999339	True	True	win	31	16.406978607177734	3642.4631059	1789573212985.5088	16.710885286331177	3642.767082	1789573213289.4153	17.02655898633111	3643.0827557	1789573213605.0889	3643.3351389	17.81880474090576	3643.8746903	1789573214397.3347	3643.8746903	535.7180867895588	300.0	0.0	3626.0550918	1789573196578.53	431.98951745033264	4058.0602658	1789573628568.0476
sub-10037	ses-1	run-02	0	8	36	1	7	24	36	40	40	36	right	left	1.0	340.1326999996854	True	False	loss	32	18.821697473526	3644.8774822	1789573215400.2275	19.12668466567993	3645.1826511	1789573215705.2148	19.466817365679617	3645.5227837999996	1789573216045.3477	3645.7760037	20.38121008872986	3646.4378156	1789573216959.7402	3646.4378156	657.7211632898099	300.0	0.0	3626.0550918	1789573196578.53	431.98951745033264	4058.0602658	1789573628568.0476
sub-10037	ses-1	run-02	0	9	36	1	8	24	36	40	40	36	right	left	1.0	411.29510000018854	True	False	loss	32	21.382699012756348	3647.4394284	1789573217961.229	21.687315702438354	3647.7436306	1789573218265.8457	22.098610802438543	3648.1549257	1789573218677.1409	3648.407632	22.907936573028564	3648.9639893	1789573219486.4666	3648.9639893	552.4859342589991	300.0	0.0	3626.0550918	1789573196578.53	431.98951745033264	4058.0602658	1789573628568.0476
sub-10037	ses-1	run-02	0	10	36	1	9	24	36	40	36	40	left	right	2.0	397.4009999997179	False	False	loss	32	23.908556699752808	3649.9653069	1789573220487.0867	24.21339225769043	3650.2694908	1789573220791.9224	24.610793257690148	3650.6668917999996	1789573221189.3232	3650.9229905	25.416304349899292	3651.4724228	1789573221994.8345	3651.4724228	545.5592968518937	300.0	0.0	3626.0550918	1789573196578.53	431.98951745033264	4058.0602658	1789573628568.0476
sub-10037	ses-1	run-02	0	11	36	1	10	24	36	40	36	40	left	right	2.0	343.97309999985737	False	False	loss	32	26.41837167739868	3652.4744515	1789573222996.9019	26.72272038459778	3652.7788333	1789573223301.2505	27.066693484597636	3653.1228063999997	1789573223645.2236	3653.3774835	28.01572895050049	3654.0719487	1789573224594.259	3654.0719487	690.413289853449	300.0	0.0	3626.0550918	1789573196578.53	431.98951745033264	4058.0602658	1789573628568.0476
sub-10037	ses-1	run-02	0	12	36	1	11	24	36	40	36	40	left	right	1.0	408.04730000036216	True	True	win	31	29.018587112426758	3655.0746435	1789573225597.1172	29.32248044013977	3655.37873	1789573225901.0105	29.730527740140133	3655.7867773000003	1789573226309.0579	3656.0430734	30.523285388946533	3656.5795135	1789573227101.8154	3656.5795135	532.2710560508164	300.0	0.0	3626.0550918	1789573196578.53	431.98951745033264	4058.0602658	1789573628568.0476
sub-10037	ses-1	run-02	0	13	36	1	12	24	36	40	40	36	right	left	1.0	436.40670000013415	True	False	loss	32	31.5259006023407	3657.5821127	1789573228104.4307	31.830014944076538	3657.886361	1789573228408.545	32.26642164407667	3658.3227677	1789573228844.9517	3658.5747298	33.19974088668823	3659.2561893	1789573229778.271	3659.2561893	677.9977841081317	300.0	0.0	3626.0550918	1789573196578.53	431.98951745033264	4058.0602658	1789573628568.0476
sub-10037	ses-1	run-02	0	14	36	1	13	24	36	40	40	36	right	left	1.0	368.72119999998176	True	True	win	31	34.20143246650696	3660.2578265	1789573230779.9626	34.505610704422	3660.5619537	1789573231084.1409	34.87433190442198	3660.9306748999998	1789573231452.862	3661.1861061	35.75999975204468	3661.8165089	1789573232338.5298	3661.8165089	626.0730288783	300.0	0.0	3626.0550918	1789573196578.53	431.98951745033264	4058.0602658	1789573628568.0476
sub-10037	ses-1	run-02	0	15	36	1	14	24	36	40	36	40	left	right	1.0	440.23950000018885	True	False	loss	32	36.76181077957153	3662.8182981	1789573233340.3408	37.066065549850464	3663.1224937	1789573233644.5957	37.50630504985065	3663.5627332000004	1789573234084.8352	3663.816254	38.37286591529846	3664.4293407	1789573234951.396	3664.4293407	609.698826201772	300.0	0.0	3626.0550918	1789573196578.53	431.98951745033264	4058.0602658	1789573628568.0476
sub-10037	ses-1	run-02	0	16	36	1	15	24	36	40	36	40	left	right	2.0	299.4538000002649	False	False	loss	32	39.373974561691284	3665.431304	1789573235952.5046	39.678754568099976	3665.7353226	1789573236257.2847	39.97820836810024	3666.0347764000003	1789573236556.7385	3666.2888309	40.776118993759155	3666.8326298	1789573237354.6492	3666.8326298	539.0330346629784	300.0	0.0	3626.0550918	1789573196578.53	431.98951745033264	4058.0602658	1789573628568.0476
sub-10037	ses-1	run-02	0	17	36	1	16	24	36	40	40	36	right	left	2.0	344.05249999963416	False	True	win	31	41.77705216407776	3667.8344703	1789573238355.5823	42.08204936981201	3668.1386777	1789573238660.5793	42.426101869811646	3668.4827301999994	1789573239004.6318	3668.7370225	43.38403344154358	3669.4407891	1789573239962.5635	3669.4407891	699.5964806906336	300.0	0.0	3626.0550918	1789573196578.53	431.98951745033264	4058.0602658	1789573628568.0476
sub-10037	ses-1	run-02	0	18	36	1	17	24	36	40	40	36	right	left	2.0	431.9071999998414	False	True	win	31	44.38581371307373	3670.4424138	1789573240964.3438	44.68997597694397	3670.7468047	1789573241268.506	45.12188317694381	3671.1787119	1789573241700.4133	3671.4354484	45.96842861175537	3672.0252776	1789573242546.9587	3672.0252776	585.3904880477724	300.0	0.0	3626.0550918	1789573196578.53	431.98951745033264	4058.0602658	1789573628568.0476
sub-10037	ses-1	run-02	0	19	36	1	18	24	36	40	40	36	right	left	2.0	375.06930000017746	False	True	win	31	46.97070074081421	3673.027463	1789573243549.2307	47.27481961250305	3673.3316444	1789573243853.3496	47.64988891250323	3673.7067137000004	1789573244228.419	3673.9600581	48.576584577560425	3674.633557	1789573245155.1147	3674.633557	668.6815521727804	300.0	0.0	3626.0550918	1789573196578.53	431.98951745033264	4058.0602658	1789573628568.0476
sub-10037	ses-1	run-02	0	20	36	1	19	24	36	40	40	36	right	left	2.0	367.6076000001558	False	False	loss	32	49.57773232460022	3675.6349765	1789573246156.2625	49.88222050666809	3675.9391261	1789573246460.7505	50.24982810666825	3676.3067337	1789573246828.3582	3676.5631498	51.0977783203125	3677.1547812	1789573247676.3083	3677.1547812	586.0935649026344	300.0	0.0	3626.0550918	1789573196578.53	431.98951745033264	4058.0602658	1789573628568.0476
sub-10037	ses-1	run-02	0	21	36	1	20	24	36	40	40	36	right	left	2.0	374.81490000027406	False	False	loss	32	52.098631381988525	3678.1563255	1789573248677.1614	52.40292692184448	3678.4599323	1789573248981.457	52.77774182184476	3678.8347472000005	1789573249356.272	3679.0883811	53.55875515937805	3679.6158789	1789573250137.2852	3679.6158789	523.8601248904033	300.0	0.0	3626.0550918	1789573196578.53	431.98951745033264	4058.0602658	1789573628568.0476
sub-10037	ses-1	run-02	0	22	36	1	21	24	36	40	36	40	left	right	2.0	424.9561999999969	False	False	loss	32	54.56037449836731	3680.6173944	1789573251138.9045	54.864721059799194	3680.9218348	1789573251443.2512	55.28967725979919	3681.346791	1789573251868.2075	3681.6004211	56.21698355674744	3682.2747966	1789573252795.5137	3682.2747966	670.2121016782086	300.0	0.0	3626.0550918	1789573196578.53	431.98951745033264	4058.0602658	1789573628568.0476
sub-10037	ses-1	run-02	0	23	36	1	22	24	36	40	36	40	left	right	2.0	430.209399999967	False	False	loss	32	57.21923470497131	3683.2763646	1789573253797.765	57.52350640296936	3683.58054	1789573254102.0364	57.95371580296933	3684.0107494	1789573254532.2458	3684.2650324	58.72864484786987	3684.7858662	1789573255307.1748	3684.7858662	516.8104505651764	300.0	0.0	3626.0550918	1789573196578.53	431.98951745033264	4058.0602658	1789573628568.0476
sub-10037	ses-1	run-02	0	24	36	1	23	24	36	40	36	40	left	right	1.0	398.4379000003173	True	False	loss	32	59.73127055168152	3685.7885742	1789573256309.8005	60.03506398200989	3686.0924068	1789573256613.594	60.433501882010205	3686.4908447000003	1789573257012.032	3686.7461234	61.27522945404053	3687.3325533	1789573257853.7595	3687.3325533	582.2393034801557	300.0	0.0	3626.0550918	1789573196578.53	431.98951745033264	4058.0602658	1789573628568.0476
sub-10037	ses-1	run-02	0	25	40	2	0	21	36	40	40	36	right	left	1.0	323.8989000001311	False	False	loss	32	62.2770676612854	3688.3342879	1789573258855.5977	62.5814790725708	3688.6387657	1789573259160.009	62.90537797257093	3688.9626646	1789573259483.908	3689.2169147	63.775264739990234	3689.8333663	1789573260353.795	3689.8333663	612.3135516228097	300.0	0.0	3626.0550918	1789573196578.53	431.98951745033264	4058.0602658	1789573628568.0476
sub-10037	ses-1	run-02	0	26	40	2	1	21	36	40	40	36	right	left	1.0	280.4900999999518	False	False	loss	32	64.7766170501709	3690.8341504	1789573261355.1472	65.08091855049133	3691.1383498	1789573261659.4487	65.36140865049128	3691.4188399	1789573261939.9387	3691.6712848	66.18094158172607	3692.238468	1789573262759.4717	3692.238468	563.798154179831	300.0	0.0	3626.0550918	1789573196578.53	431.98951745033264	4058.0602658	1789573628568.0476
sub-10037	ses-1	run-02	0	27	40	2	2	21	36	40	36	40	left	right	1.0	290.4412000002594	False	True	win	31	67.18263840675354	3693.2401026	1789573263761.1685	67.48677277565002	3693.5443347	1789573264065.3027	67.77721397565028	3693.8347759000003	1789573264355.744	3694.0875045	68.63899803161621	3694.6965993	1789573265217.528	3694.6965993	605.4360981074002	300.0	0.0	3626.0550918	1789573196578.53	431.98951745033264	4058.0602658	1789573628568.0476
sub-10037	ses-1	run-02	0	28	40	2	3	21	36	40	40	36	right	left	1.0	407.39050000001953	False	False	loss	32	69.64096665382385	3695.6991167	1789573266219.4968	69.94575333595276	3696.0034219	1789573266524.2834	70.35314383595278	3696.4108124	1789573266931.6738	3696.6670824	71.2435781955719	3697.3012705	1789573267822.1082	3697.3012705	629.5707104955605	300.0	0.0	3626.0550918	1789573196578.53	431.98951745033264	4058.0602658	1789573628568.0476
sub-10037	ses-1	run-02	0	29	40	2	4	21	36	40	36	40	left	right	2.0	371.50770000016564	True	True	win	31	72.2452449798584	3698.302865	1789573268823.7751	72.54952192306519	3698.607274	1789573269128.052	72.92102962306535	3698.9787817	1789573269499.5598	3699.23544	73.81035470962524	3699.8681366	1789573270388.8848	3699.8681366	629.3658997140499	300.0	0.0	3626.0550918	1789573196578.53	431.98951745033264	4058.0602658	1789573628568.0476
sub-10037	ses-1	run-02	0	30	40	2	5	21	36	40	40	36	right	left	2.0	300.27590000008786	True	False	loss	32	74.81257486343384	3700.8704361	1789573271391.105	75.11674928665161	3701.1745825	1789573271695.2793	75.4170251866517	3701.4748584	1789573271995.5552	3701.7274911	76.19587326049805	3702.2537291	1789573272774.4033	3702.2537291	522.934501710382	300.0	0.0	3626.0550918	1789573196578.53	431.98951745033264	4058.0602658	1789573628568.0476
sub-10037	ses-1	run-02	0	31	40	2	6	21	36	40	40	36	right	left	1.0	314.9292000002788	False	False	loss	32	77.19775247573853	3703.2555763	1789573273776.2825	77.50201869010925	3703.5598402	1789573274080.5488	77.81694789010953	3703.8747694000003	1789573274395.478	3704.1278884	78.59680414199829	3704.6547597	1789573275175.3342	3704.6547597	522.1497578650154	300.0	0.0	3626.0550918	1789573196578.53	431.98951745033264	4058.0602658	1789573628568.0476
sub-10037	ses-1	run-02	0	32	40	2	7	21	36	40	40	36	right	left	1.0	194.22990000020945	False	False	loss	32	79.59839820861816	3705.6562832	1789573276176.9282	79.90262699127197	3705.9606078	1789573276481.157	80.09685689127218	3706.1548377000004	1789573276675.387	3706.4078879	80.88138008117676	3706.9399592	1789573277459.9102	3706.9399592	527.0826835907205	300.0	0.0	3626.0550918	1789573196578.53	431.98951745033264	4058.0602658	1789573628568.0476
sub-10037	ses-1	run-02	0	33	40	2	8	21	36	40	40	36	right	left	2.0	269.38780000000406	True	False	loss	32	81.88302659988403	3707.9409825	1789573278461.5566	82.1872763633728	3708.2453523	1789573278765.8064	82.4566641633728	3708.5147401	1789573279035.194	3708.7683008	83.28072237968445	3709.3388647	1789573279859.2524	3709.3388647	566.1653797242005	300.0	0.0	3626.0550918	1789573196578.53	431.98951745033264	4058.0602658	1789573628568.0476
sub-10037	ses-1	run-02	0	34	40	2	9	21	36	40	36	40	left	right	1.0	165.54089999999633	False	False	loss	32	84.28343105316162	3710.3414893	1789573280861.9612	84.58719182014465	3710.6452478	1789573281165.722	84.75273272014465	3710.8107887	1789573281331.263	3711.0635285	85.6987977027893	3711.7569872	1789573282277.328	3711.7569872	689.5056166679809	300.0	0.0	3626.0550918	1789573196578.53	431.98951745033264	4058.0602658	1789573628568.0476
sub-10037	ses-1	run-02	0	35	40	2	10	21	36	40	36	40	left	right	2.0	252.5004999997691	True	True	win	31	86.70011234283447	3712.758204	1789573283278.6423	87.00424242019653	3713.0624282	1789573283582.7725	87.2567429201963	3713.3149286999997	1789573283835.273	3713.5709196	88.05690932273865	3714.1151903	1789573284635.4395	3714.1151903	540.4919384835898	300.0	0.0	3626.0550918	1789573196578.53	431.98951745033264	4058.0602658	1789573628568.0476
sub-10037	ses-1	run-02	0	36	40	2	11	21	36	40	36	40	left	right	2.0	301.5539000002718	True	True	win	31	89.05862760543823	3715.1168999	1789573285637.1577	89.36294269561768	3715.4212169	1789573285941.4727	89.66449659561795	3715.7227708000005	1789573286243.0266	3715.9805221	90.55448293685913	3716.6130203	1789573287133.013	3716.6130203	628.2498847865759	300.0	0.0	3626.0550918	1789573196578.53	431.98951745033264	4058.0602658	1789573628568.0476
sub-10037	ses-1	run-02	0	37	40	2	12	21	36	40	36	40	left	right	2.0	332.08250000006956	True	True	win	31	91.55618238449097	3717.6146512	1789573288134.7124	91.86037826538086	3717.9186843	1789573288438.9084	92.19246076538093	3718.2507668000003	1789573288770.991	3718.5073966	92.96216988563538	3719.0208314	1789573289540.7	3719.0208314	509.3169777763087	300.0	0.0	3626.0550918	1789573196578.53	431.98951745033264	4058.0602658	1789573628568.0476
sub-10037	ses-1	run-02	0	38	40	2	13	21	36	40	40	36	right	left	2.0	458.45009999993636	True	True	win	31	93.96469783782959	3720.0231328	1789573290543.228	94.26988530158997	3720.3283053	1789573290848.4153	94.7283354015899	3720.7867554	1789573291306.8655	3721.0429688	95.66954827308655	3721.7280802	1789573292248.0784	3721.7280802	681.551623015238	300.0	0.0	3626.0550918	1789573196578.53	431.98951745033264	4058.0602658	1789573628568.0476
sub-10037	ses-1	run-02	0	39	40	2	14	21	36	40	40	36	right	left	2.0	383.8676000000305	True	False	loss	32	96.67141914367676	3722.7298275	1789573293249.9492	96.97622895240784	3723.0348144	1789573293554.759	97.36009655240787	3723.418682	1789573293938.6267	3723.6727928	98.19375443458557	3724.2523785	1789573294772.2844	3724.2523785	575.6286904758209	300.0	0.0	3626.0550918	1789573196578.53	431.98951745033264	4058.0602658	1789573628568.0476
sub-10037	ses-1	run-02	0	40	40	2	15	21	36	40	40	36	right	left	2.0	692.336499999783	True	True	win	31	99.1953616142273	3725.2539849	1789573295773.8916	99.49964928627014	3725.5583178	1789573296078.1794	100.19198578626992	3726.2506543	1789573296770.5159	3726.502808	101.04861617088318	3727.1077579	1789573297627.1462	3727.1077579	601.0490614119875	300.0	0.0	3626.0550918	1789573196578.53	431.98951745033264	4058.0602658	1789573628568.0476
sub-10037	ses-1	run-02	0	41	40	2	16	21	36	40	36	40	left	right	2.0	412.4941000000035	True	True	win	31	102.0509991645813	3728.1097729	1789573298629.5293	102.35531854629517	3728.4141176	1789573298933.8486	102.76781264629517	3728.8266117	1789573299346.3428	3729.0824276	103.7139630317688	3729.7727524	1789573300292.4932	3729.7727524	686.0081126993496	300.0	0.0	3626.0550918	1789573196578.53	431.98951745033264	4058.0602658	1789573628568.0476
sub-10037	ses-1	run-02	0	42	40	2	17	21	36	40	40	36	right	left	2.0	363.1554000003234	True	True	win	31	104.71585536003113	3730.7754155	1789573301294.3855	105.02025508880615	3731.0794955	1789573301598.7852	105.38341048880648	3731.4426509000004	1789573301961.9407	3731.6972761	106.15465641021729	3732.2135591	1789573302733.1865	3732.2135591	512.5623086769721	300.0	0.0	3626.0550918	1789573196578.53	431.98951745033264	4058.0602658	1789573628568.0476
sub-10037	ses-1	run-02	0	43	40	2	18	21	36	40	36	40	left	right	2.0	370.6976999997096	True	False	loss	32	107.15658926963806	3733.2154734	1789573303735.1194	107.46106219291687	3733.5199519	1789573304039.5923	107.83175989291658	3733.8906495999995	1789573304410.29	3734.1432516	108.70373344421387	3734.7628411	1789573305282.2634	3734.7628411	615.3345207337514	300.0	0.0	3626.0550918	1789573196578.53	431.98951745033264	4058.0602658	1789573628568.0476
sub-10037	ses-1	run-02	0	44	40	2	19	21	36	40	40	36	right	left	2.0	412.60120000015377	True	True	win	31	109.70678472518921	3735.7656892	1789573306285.3147	110.01063632965088	3736.0700554	1789573306589.1665	110.42323752965103	3736.4826566	1789573307001.7678	3736.7385097	111.3067455291748	3737.3658236	1789573307885.2756	3737.3658236	623.3463648465423	300.0	0.0	3626.0550918	1789573196578.53	431.98951745033264	4058.0602658	1789573628568.0476
sub-10037	ses-1	run-02	0	45	40	2	20	21	36	40	40	36	right	left	2.0	402.58559999983845	True	True	win	31	112.30837082862854	3738.3673685	1789573308886.901	112.61295938491821	3738.6720636	1789573309191.4895	113.01554498491805	3739.0746492	1789573309594.0752	3739.3307166	113.78196501731873	3739.8411566	1789573310360.495	3739.8411566	506.90831484205654	300.0	0.0	3626.0550918	1789573196578.53	431.98951745033264	4058.0602658	1789573628568.0476
sub-10037	ses-1	run-02	0	46	36	3	0	21	36	40	40	36	right	left	2.0	366.18829999997615	False	True	win	31	114.78411316871643	3740.8433276	1789573311362.6433	115.08922266960144	3741.148417	1789573311667.7527	115.45541096960142	3741.5146053	1789573312033.941	3741.7673312	116.40939116477966	3742.4689444	1789573312987.9211	3742.4689444	697.9585963005686	300.0	0.0	3626.0550918	1789573196578.53	431.98951745033264	4058.0602658	1789573628568.0476
sub-10037	ses-1	run-02	0	47	36	3	1	21	36	40	40	36	right	left	2.0	339.55250000008164	False	False	loss	32	117.41102194786072	3743.4701883	1789573313989.552	117.71603679656982	3743.7751632	1789573314294.567	118.0555892965699	3744.1147157	1789573314634.1194	3744.3681629	118.83834528923035	3744.8976828	1789573315416.8752	3744.8976828	525.9559238100001	300.0	0.0	3626.0550918	1789573196578.53	431.98951745033264	4058.0602658	1789573628568.0476
sub-10037	ses-1	run-02	0	48	36	3	2	21	36	40	36	40	left	right	2.0	359.066200000143	False	True	win	31	119.83922243118286	3745.8993751	1789573316417.7524	120.14430785179138	3746.2036616	1789573316722.838	120.50337405179152	3746.5627278	1789573317081.904	3746.8168299	121.42893886566162	3747.4883533	1789573318007.469	3747.4883533	667.3573832628416	300.0	0.0	3626.0550918	1789573196578.53	431.98951745033264	4058.0602658	1789573628568.0476
sub-10037	ses-1	run-02	0	49	36	3	3	21	36	40	40	36	right	left	2.0	471.4806000001772	False	False	loss	32	122.43068242073059	3748.4908131	1789573319009.2124	122.73586893081665	3748.7952188	1789573319314.399	123.20734953081683	3749.2666994	1789573319785.8796	3749.5191372	124.01212644577026	3750.0717124	1789573320590.6565	3750.0717124	548.6852985227366	300.0	0.0	3626.0550918	1789573196578.53	431.98951745033264	4058.0602658	1789573628568.0476
sub-10037	ses-1	run-02	0	50	36	3	4	21	36	40	40	36	right	left	2.0	304.0896000002249	False	True	win	31	125.01400399208069	3751.0737588	1789573321592.5342	125.31918787956238	3751.3786356	1789573321897.718	125.6232774795626	3751.6827252000003	1789573322201.8076	3751.9378723	126.43637490272522	3752.4962567	1789573323014.905	3752.4962567	554.643063641294	300.0	0.0	3626.0550918	1789573196578.53	431.98951745033264	4058.0602658	1789573628568.0476
sub-10037	ses-1	run-02	0	51	36	3	5	21	36	40	36	40	left	right	2.0	384.04239999999845	False	True	win	31	127.43914723396301	3753.4986016	1789573324017.6772	127.74308347702026	3753.8025974	1789573324321.6135	128.12712587702026	3754.1866398	1789573324705.656	3754.440673	128.9582335948944	3755.0178687	1789573325536.7637	3755.0178687	573.4126270417947	300.0	0.0	3626.0550918	1789573196578.53	431.98951745033264	4058.0602658	1789573628568.0476
sub-10037	ses-1	run-02	0	52	36	3	6	21	36	40	36	40	left	right	2.0	302.41369999976087	False	False	loss	32	129.95986485481262	3756.0198163	1789573326538.395	130.26461601257324	3756.324222	1789573326843.146	130.567029712573	3756.6266357	1789573327145.5598	3756.8824987	131.4919855594635	3757.5517214	1789573328070.5156	3757.5517214	665.0685988554083	300.0	0.0	3626.0550918	1789573196578.53	431.98951745033264	4058.0602658	1789573628568.0476
sub-10037	ses-1	run-02	0	53	36	3	7	21	36	40	40	36	right	left	2.0	385.3273999998237	False	True	win	31	132.49378061294556	3758.5536203	1789573329072.3108	132.7976315021515	3758.8573907	1789573329376.1616	133.1829589021513	3759.2427181	1789573329761.489	3759.4956185	134.06813526153564	3760.1279633	1789573330646.6653	3760.1279633	627.6834991196841	300.0	0.0	3626.0550918	1789573196578.53	431.98951745033264	4058.0602658	1789573628568.0476
sub-10037	ses-1	run-02	0	54	36	3	8	21	36	40	40	36	right	left	2.0	432.2079999997186	False	True	win	31	135.0693690776825	3761.1297679	1789573331647.8992	135.37452054023743	3761.4344308	1789573331953.0505	135.80672854023715	3761.8666387999997	1789573332385.2585	3762.1228324	136.7057285308838	3762.7656747	1789573333284.2585	3762.7656747	639.9527996518204	300.0	0.0	3626.0550918	1789573196578.53	431.98951745033264	4058.0602658	1789573628568.0476
sub-10037	ses-1	run-02	0	55	36	3	9	21	36	40	36	40	left	right	2.0	355.44789999994464	False	True	win	31	137.70671486854553	3763.7672533	1789573334285.2449	138.0112328529358	3764.0712013	1789573334589.763	138.36668075293574	3764.4266492	1789573334945.211	3764.6796542	139.17893648147583	3765.2389375	1789573335757.4666	3765.2389375	555.050871483491	300.0	0.0	3626.0550918	1789573196578.53	431.98951745033264	4058.0602658	1789573628568.0476
sub-10037	ses-1	run-02	0	56	36	3	10	21	36	40	40	36	right	left	2.0	361.1367000003156	False	False	loss	32	140.18135786056519	3766.2412917	1789573336759.888	140.48543214797974	3766.545469	1789573337063.9622	140.84656884798005	3766.9066057000005	1789573337425.0989	3767.1592616	141.77243375778198	3767.8325088	1789573338350.9639	3767.8325088	669.3827622996859	300.0	0.0	3626.0550918	1789573196578.53	431.98951745033264	4058.0602658	1789573628568.0476
sub-10037	ses-1	run-02	0	57	36	3	11	21	36	40	40	36	right	left	2.0	368.583899999976	False	False	loss	32	142.7740559577942	3768.8341026	1789573339352.586	143.07806396484375	3769.1381188	1789573339656.594	143.44664786484373	3769.5067027	1789573340025.178	3769.7616029	144.28902220726013	3770.3491482	1789573340867.5522	3770.3491482	583.8383800991397	300.0	0.0	3626.0550918	1789573196578.53	431.98951745033264	4058.0602658	1789573628568.0476
sub-10037	ses-1	run-02	0	58	36	3	12	21	36	40	40	36	right	left	2.0	258.93859999996494	False	False	loss	32	145.29069805145264	3771.3508902	1789573341869.228	145.595458984375	3771.6557214	1789573342173.989	145.85439758437496	3771.91466	1789573342432.9277	3772.1676537	146.6509222984314	3772.7117686	1789573343229.4524	3772.7117686	540.8785976370765	300.0	0.0	3626.0550918	1789573196578.53	431.98951745033264	4058.0602658	1789573628568.0476
sub-10037	ses-1	run-02	0	59	36	3	13	21	36	40	36	40	left	right	1.0	393.9857000000302	True	True	win	31	147.65256881713867	3773.712754	1789573344231.0989	147.95575785636902	3774.0168408	1789573344534.2878	148.34974355636905	3774.4108265	1789573344928.2734	3774.6652766	149.22925400733948	3775.2896031	1789573345807.7842	3775.2896031	620.5163467470605	300.0	0.0	3626.0550918	1789573196578.53	431.98951745033264	4058.0602658	1789573628568.0476
sub-10037	ses-1	run-02	0	60	36	3	14	21	36	40	40	36	right	left	1.0	543.9056000000164	True	True	win	31	150.23034524917603	3776.2907075	1789573346808.8752	150.53434562683105	3776.594716	1789573347112.8757	151.07825122683107	3777.1386216	1789573347656.7812	3777.3945523	151.9155011177063	3777.9758683	1789573348494.0312	3777.9758683	577.0916891749043	300.0	0.0	3626.0550918	1789573196578.53	431.98951745033264	4058.0602658	1789573628568.0476
sub-10037	ses-1	run-02	0	61	36	3	15	21	36	40	36	40	left	right	1.0	385.05469999972775	True	True	win	31	152.9168860912323	3778.9773964	1789573349495.4163	153.22106790542603	3779.2815725	1789573349799.598	153.60612260542575	3779.6666271999998	1789573350184.6526	3779.9208244	154.4855215549469	3780.5464588	1789573351064.0515	3780.5464588	621.8985226980036	300.0	0.0	3626.0550918	1789573196578.53	431.98951745033264	4058.0602658	1789573628568.0476
sub-10037	ses-1	run-02	0	62	36	3	16	21	36	40	40	36	right	left	1.0	381.85610000027737	True	False	loss	32	155.48706030845642	3781.5483905	1789573352065.5903	155.79230976104736	3781.8528435	1789573352370.8398	156.17416586104764	3782.2346996	1789573352752.696	3782.4913922	157.10919785499573	3783.1698024	1789573353687.728	3783.1698024	674.8921565502692	300.0	0.0	3626.0550918	1789573196578.53	431.98951745033264	4058.0602658	1789573628568.0476
sub-10037	ses-1	run-02	0	63	36	3	17	21	36	40	40	36	right	left	1.0	374.41030000036335	True	True	win	31	158.11107873916626	3784.1716466	1789573354689.609	158.41550660133362	3784.4762098	1789573354994.0366	158.78991690133398	3784.8506201000005	1789573355368.447	3785.1040907	159.67969369888306	3785.740447	1789573356258.2239	3785.740447	632.9201499605224	300.0	0.0	3626.0550918	1789573196578.53	431.98951745033264	4058.0602658	1789573628568.0476
sub-10037	ses-1	run-02	0	64	36	3	18	21	36	40	40	36	right	left	1.0	388.759200000095	True	True	win	31	160.680419921875	3786.7416163	1789573357258.95	160.98431181907654	3787.04587	1789573357562.8418	161.37307101907663	3787.4346292	1789573357951.601	3787.6901383	162.1384460926056	3788.1993244	1789573358716.976	3788.1993244	504.369824241293	300.0	0.0	3626.0550918	1789573196578.53	431.98951745033264	4058.0602658	1789573628568.0476
sub-10037	ses-1	run-02	0	65	36	3	19	21	36	40	36	40	left	right	1.0	432.80810000032943	True	True	win	31	163.14029216766357	3789.201092	1789573359718.8223	163.44491291046143	3789.5058129	1789573360023.4429	163.87772101046176	3789.9386210000002	1789573360456.251	3790.1955896	164.74566340446472	3790.8065151	1789573361324.1934	3790.8065151	606.1644347293518	300.0	0.0	3626.0550918	1789573196578.53	431.98951745033264	4058.0602658	1789573628568.0476
sub-10037	ses-1	run-02	0	66	36	3	20	21	36	40	40	36	right	left	1.0	321.65519999989556	True	True	win	31	165.74778580665588	3791.8086312	1789573362326.316	166.0522346496582	3792.1130605	1789573362630.7646	166.3738898496581	3792.4347156999997	1789573362952.42	3792.6916209	167.2951021194458	3793.3559717	1789573363873.632	3793.3559717	660.6504103241683	300.0	0.0	3626.0550918	1789573196578.53	431.98951745033264	4058.0602658	1789573628568.0476
sub-10037	ses-1	run-02	0	67	40	4	0	23	36	40	40	36	right	left	1.0	443.93810000019585	False	False	loss	32	168.29648303985596	3794.3575557	1789573364875.0132	168.60171175003052	3794.6627082	1789573365180.242	169.0456498500307	3795.1066463	1789573365624.18	3795.3615611	169.8175904750824	3795.8786953	1789573366396.1206	3795.8786953	513.7629239798238	300.0	0.0	3626.0550918	1789573196578.53	431.98951745033264	4058.0602658	1789573628568.0476
sub-10037	ses-1	run-02	0	68	40	4	1	23	36	40	36	40	left	right	1.0	513.0621999996947	False	False	loss	32	170.81967854499817	3796.88084	1789573367398.2085	171.12463092803955	3797.1856979	1789573367703.161	171.63769312803925	3797.6987600999996	1789573368216.2231	3797.953938	172.58535981178284	3798.646417	1789573369163.89	3798.646417	688.172561846359	300.0	0.0	3626.0550918	1789573196578.53	431.98951745033264	4058.0602658	1789573628568.0476
sub-10037	ses-1	run-02	0	69	40	4	2	23	36	40	36	40	left	right	2.0	449.1457999997692	True	True	win	31	173.58790397644043	3799.6490635	1789573370166.434	173.89239406585693	3799.9535337	1789573370470.924	174.3415398658567	3800.4026795	1789573370920.0698	3800.6577087	175.10186672210693	3801.1631162	1789573371680.3967	3801.1631162	501.6330023408626	300.0	0.0	3626.0550918	1789573196578.53	431.98951745033264	4058.0602658	1789573628568.0476
sub-10037	ses-1	run-02	0	70	40	4	3	23	36	40	40	36	right	left	2.0	333.05590000009033	True	True	win	31	176.10406923294067	3802.1652593	1789573372682.5994	176.40840220451355	3802.4696434	1789573372986.9324	176.74145810451364	3802.8026993000003	1789573373319.9883	3803.0576433	177.60793447494507	3803.6697269	1789573374186.4646	3803.6697269	608.6552878391839	300.0	0.0	3626.0550918	1789573196578.53	431.98951745033264	4058.0602658	1789573628568.0476
sub-10037	ses-1	run-02	0	71	40	4	4	23	36	40	36	40	left	right	2.0	730.4788999999801	True	True	win	31	178.60932731628418	3804.6706966	1789573375187.8574	178.91454410552979	3804.9761375	1789573375493.0742	179.64502300552977	3805.7066164	1789573376223.5532	3805.9607336	180.56691217422485	3806.6283777	1789573377145.4421	3806.6283777	663.7825033417641	300.0	0.0	3626.0550918	1789573196578.53	431.98951745033264	4058.0602658	1789573628568.0476
sub-10037	ses-1	run-02	0	72	40	4	5	23	36	40	36	40	left	right	2.0	371.6755999998895	True	True	win	31	181.56778597831726	3807.6299146	1789573378146.3162	181.87311124801636	3807.9350243	1789573378451.6414	182.24478684801625	3808.3066999	1789573378823.317	3808.564156	183.13197135925293	3809.1934848	1789573379710.5015	3809.1934848	625.1931377539901	300.0	0.0	3626.0550918	1789573196578.53	431.98951745033264	4058.0602658	1789573628568.0476
sub-10037	ses-1	run-02	0	73	40	4	6	23	36	40	40	36	right	left	2.0	750.1375000001644	True	True	win	31	184.13465571403503	3810.1964666	1789573380713.1858	184.4392020702362	3810.5005784	1789573381017.7322	185.18933957023637	3811.2507159	1789573381767.8696	3811.5052584	186.13893151283264	3812.2006008	1789573382717.4617	3812.2006008	691.212475804902	300.0	0.0	3626.0550918	1789573196578.53	431.98951745033264	4058.0602658	1789573628568.0476
sub-10037	ses-1	run-02	0	74	40	4	7	23	36	40	40	36	right	left	1.0	431.9212000000334	False	True	win	31	187.14026260375977	3813.2021322	1789573383718.7927	187.44509148597717	3813.5067855	1789573384023.6216	187.8770126859772	3813.9387067000002	1789573384455.5427	3814.1946686	188.82720255851746	3814.8889065	1789573385405.7327	3814.8889065	690.3498991939216	300.0	0.0	3626.0550918	1789573196578.53	431.98951745033264	4058.0602658	1789573628568.0476
sub-10037	ses-1	run-02	0	75	40	4	8	23	36	40	40	36	right	left	1.0	376.495900000009	False	False	loss	32	189.82896518707275	3815.8905962	1789573386407.4954	190.13234734535217	3816.1941398	1789573386710.8774	190.50884324535218	3816.5706357	1789573387087.3733	3816.8278791	191.44784307479858	3817.5096786	1789573388026.373	3817.5096786	677.2887030484167	300.0	0.0	3626.0550918	1789573196578.53	431.98951745033264	4058.0602658	1789573628568.0476
sub-10037	ses-1	run-02	0	76	40	4	9	23	36	40	36	40	left	right	2.0	338.81750000000466	True	True	win	31	192.44953775405884	3818.5112887	1789573389028.0679	192.7540729045868	3818.8159545	1789573389332.603	193.0928904045868	3819.154772	1789573389671.4204	3819.4099682	193.96821427345276	3820.0301288	1789573390546.7444	3820.0301288	616.8334970661659	300.0	0.0	3626.0550918	1789573196578.53	431.98951745033264	4058.0602658	1789573628568.0476
sub-10037	ses-1	run-02	0	77	40	4	10	23	36	40	36	40	left	right	2.0	641.9955999999729	True	True	win	31	194.97052788734436	3821.0322816	1789573391549.0579	195.27483415603638	3821.336688	1789573391853.3643	195.91682975603635	3821.9786836	1789573392495.3599	3822.2314411	196.7567503452301	3822.8187614	1789573393335.2805	3822.8187614	583.0339617825823	300.0	0.0	3626.0550918	1789573196578.53	431.98951745033264	4058.0602658	1789573628568.0476
sub-10037	ses-1	run-02	0	78	40	4	11	23	36	40	36	40	left	right	2.0	613.314199999877	True	True	win	31	197.7588746547699	3823.8207777	1789573394337.4048	198.06334733963013	3824.1253894	1789573394641.8774	198.67666153963	3824.7387036	1789573395255.1917	3824.9944001	199.4784801006317	3825.5406059	1789573396057.0103	3825.5406059	542.9383859420784	300.0	0.0	3626.0550918	1789573196578.53	431.98951745033264	4058.0602658	1789573628568.0476
sub-10037	ses-1	run-02	0	79	40	4	12	23	36	40	40	36	right	left	1.0	355.44640000034633	False	False	loss	32	200.48001503944397	3826.5425308	1789573397058.5452	200.78513932228088	3826.8472806	1789573397363.6694	201.14058572228123	3827.2027270000003	1789573397719.1157	3827.4556779	202.06477785110474	3828.1269636	1789573398643.3079	3828.1269636	667.2427567520942	300.0	0.0	3626.0550918	1789573196578.53	431.98951745033264	4058.0602658	1789573628568.0476
sub-10037	ses-1	run-02	0	80	40	4	13	23	36	40	36	40	left	right	2.0	368.9011000001301	True	True	win	31	203.067045211792	3829.1296443	1789573399645.5752	203.3716425895691	3829.4338667	1789573399950.1726	203.74054368956922	3829.8027678000003	1789573400319.0737	3830.0572303	204.63722157478333	3830.6994107	1789573401215.7517	3830.6994107	637.5713784071514	300.0	0.0	3626.0550918	1789573196578.53	431.98951745033264	4058.0602658	1789573628568.0476
sub-10037	ses-1	run-02	0	81	40	4	14	23	36	40	36	40	left	right	2.0	308.8059000001522	True	True	win	31	205.63881540298462	3831.7011158	1789573402217.3455	205.94353485107422	3832.0058402	1789573402522.065	206.25234075107437	3832.3146461	1789573402830.8708	3832.5691399	207.07343697547913	3833.1363261	1789573403651.967	3833.1363261	563.018347681834	300.0	0.0	3626.0550918	1789573196578.53	431.98951745033264	4058.0602658	1789573628568.0476
sub-10037	ses-1	run-02	0	82	40	4	15	23	36	40	36	40	left	right	2.0	368.63809999977093	True	True	win	31	208.07453751564026	3834.1375802	1789573404653.0676	208.37985849380493	3834.4421322	1789573404958.3887	208.7484965938047	3834.8107702999996	1789573405327.0269	3835.0655242	209.59921789169312	3835.6616537	1789573406177.748	3835.6616537	592.0370326313555	300.0	0.0	3626.0550918	1789573196578.53	431.98951745033264	4058.0602658	1789573628568.0476
sub-10037	ses-1	run-02	0	83	40	4	16	23	36	40	40	36	right	left	1.0	338.4188999998514	False	True	win	31	210.6009349822998	3836.6640341	1789573407179.465	210.90573716163635	3836.9682506	1789573407484.2673	211.2441560616362	3837.3066694999998	1789573407822.6863	3837.5615726	212.1308298110962	3838.1933252	1789573408709.3599	3838.1933252	627.8245394160595	300.0	0.0	3626.0550918	1789573196578.53	431.98951745033264	4058.0602658	1789573628568.0476
sub-10037	ses-1	run-02	0	84	40	4	17	23	36	40	36	40	left	right	2.0	838.4166000000732	True	False	loss	32	213.1330246925354	3839.1955478	1789573409711.5547	213.43770742416382	3839.5002227	1789573410016.2375	214.2761240241639	3840.3386393	1789573410854.654	3840.5952297	215.1298177242279	3841.1924183	1789573411708.348	3841.1924183	593.5636558420438	300.0	0.0	3626.0550918	1789573196578.53	431.98951745033264	4058.0602658	1789573628568.0476
sub-10037	ses-1	run-02	0	85	40	4	18	23	36	40	36	40	left	right	2.0	343.34979999994175	True	True	win	31	216.13228583335876	3842.1949065	1789573412710.816	216.43673992156982	3842.4992234	1789573413015.27	216.78008972156977	3842.8425732	1789573413358.6199	3843.0973953	217.55401754379272	3843.6167315	1789573414132.5476	3843.6167315	515.028206275557	300.0	0.0	3626.0550918	1789573196578.53	431.98951745033264	4058.0602658	1789573628568.0476
sub-10037	ses-1	run-02	0	86	40	4	19	23	36	40	36	40	left	right	2.0	304.29240000012214	True	True	win	31	218.55572319030762	3844.6183707	1789573415134.2532	218.8595254421234	3844.922279	1789573415438.0554	219.16381784212354	3845.2265714	1789573415742.348	3845.4807904	219.93919324874878	3846.0019447	1789573416517.7234	3846.0019447	517.9157805067691	300.0	0.0	3626.0550918	1789573196578.53	431.98951745033264	4058.0602658	1789573628568.0476
sub-10037	ses-1	run-02	0	87	40	4	20	23	36	40	36	40	left	right	2.0	294.8250999997981	True	True	win	31	220.940682888031	3847.003468	1789573417519.213	221.24501657485962	3847.3077494	1789573417823.5466	221.53984167485942	3847.6025744999997	1789573418118.3718	3847.8559619	222.3301134109497	3848.3930041	1789573418908.6436	3848.3930041	532.1596769106369	300.0	0.0	3626.0550918	1789573196578.53	431.98951745033264	4058.0602658	1789573628568.0476
sub-10037	ses-1	run-02	0	88	40	4	21	23	36	40	40	36	right	left	1.0	343.46380000033605	False	True	win	31	223.3316867351532	3849.3944976	1789573419910.2168	223.63614964485168	3849.6991498	1789573420214.6797	223.97961344485202	3850.0426136000005	1789573420558.1436	3850.2970643	224.86893963813782	3850.9318877	1789573421447.4697	3850.9318877	630.5959637949784	300.0	0.0	3626.0550918	1789573196578.53	431.98951745033264	4058.0602658	1789573628568.0476
sub-10037	ses-1	run-02	0	89	40	4	22	23	36	40	40	36	right	left	2.0	380.16979999974865	True	True	win	31	225.87051463127136	3851.9334105	1789573422449.0447	226.17544794082642	3852.2384596	1789573422753.978	226.55561774082616	3852.6186294	1789573423134.148	3852.8721998	227.37944650650024	3853.4425064	1789573423957.9766	3853.4425064	566.2129915244152	300.0	0.0	3626.0550918	1789573196578.53	431.98951745033264	4058.0602658	1789573628568.0476
sub-10037	ses-1	run-02	0	90	36	5	0	23	36	40	36	40	left	right	1.0	461.9433000002573	True	True	win	31	228.3812735080719	3854.444417	1789573424959.8035	228.6856186389923	3854.7486619	1789573425264.1487	229.14756193899257	3855.2106052000004	1789573425726.092	3855.4672553	230.10474514961243	3856.167891	1789573426683.2751	3856.167891	696.4244989573886	300.0	0.0	3626.0550918	1789573196578.53	431.98951745033264	4058.0602658	1789573628568.0476
sub-10037	ses-1	run-02	0	91	36	5	1	23	36	40	36	40	left	right	1.0	312.4917000000096	True	True	win	31	231.10693383216858	3857.1700382	1789573427685.4639	231.41105246543884	3857.4742309	1789573427989.5825	231.72354416543885	3857.7867226	1789573428302.0742	3858.0432252	232.67485666275024	3858.7380989	1789573429253.3867	3858.7380989	691.81165635501	300.0	0.0	3626.0550918	1789573196578.53	431.98951745033264	4058.0602658	1789573628568.0476
sub-10037	ses-1	run-02	0	92	36	5	2	23	36	40	40	36	right	left	2.0	406.0104999998657	False	False	loss	32	233.67748379707336	3859.7407854	1789573430256.014	233.98058581352234	3860.0446208	1789573430559.116	234.3865963135222	3860.4506312999997	1789573430965.1265	3860.7033001	235.2878692150116	3861.3512088	1789573431866.3992	3861.3512088	643.3998053173767	300.0	0.0	3626.0550918	1789573196578.53	431.98951745033264	4058.0602658	1789573628568.0476
sub-10037	ses-1	run-02	0	93	36	5	3	23	36	40	36	40	left	right	2.0	369.7431999999026	False	False	loss	32	236.28951811790466	3862.3527141	1789573432868.048	236.59358930587769	3862.6568988	1789573433172.1194	236.9633325058776	3863.026642	1789573433541.8625	3863.2811899	237.8615334033966	3863.9254495	1789573434440.0635	3863.9254495	640.4420201466583	300.0	0.0	3626.0550918	1789573196578.53	431.98951745033264	4058.0602658	1789573628568.0476
sub-10037	ses-1	run-02	0	94	36	5	4	23	36	40	40	36	right	left	1.0	122.17839999993885	True	True	win	31	238.86367845535278	3864.9275151	1789573435442.2085	239.16903066635132	3865.2324082	1789573435747.5608	239.29120906635126	3865.3545866	1789573435869.7393	3865.6103863	240.11928629875183	3866.1827836	1789573436697.8164	3866.1827836	568.35211012694	300.0	0.0	3626.0550918	1789573196578.53	431.98951745033264	4058.0602658	1789573628568.0476
sub-10037	ses-1	run-02	0	95	36	5	5	23	36	40	40	36	right	left	1.0	353.80039999972723	True	False	loss	32	241.1208782196045	3867.1845202	1789573437699.4082	241.42527508735657	3867.4888132	1789573438003.8052	241.7790754873563	3867.8426136	1789573438357.6055	3868.0982205	242.66482782363892	3868.7284083	1789573439243.358	3868.7284083	626.1614024471329	300.0	0.0	3626.0550918	1789573196578.53	431.98951745033264	4058.0602658	1789573628568.0476
sub-10037	ses-1	run-02	0	96	36	5	6	23	36	40	40	36	right	left	1.0	247.208899999805	True	False	loss	32	243.66744780540466	3869.7308528	1789573440245.9778	243.9716899394989	3870.0354172	1789573440550.22	244.2188988394987	3870.2826261	1789573440797.429	3870.5387417	245.0824327468872	3871.1462295	1789573441660.963	3871.1462295	603.0087439290784	300.0	0.0	3626.0550918	1789573196578.53	431.98951745033264	4058.0602658	1789573628568.0476
sub-10037	ses-1	run-02	0	97	36	5	7	23	36	40	36	40	left	right	2.0	286.0245000001669	False	True	win	31	246.0844600200653	3872.1480471	1789573442662.99	246.38875436782837	3872.452506	1789573442967.2844	246.67477886782854	3872.7385305000003	1789573443253.3088	3872.9911905	247.58515524864197	3873.6492907	1789573444163.6853	3873.6492907	653.6917410901766	300.0	0.0	3626.0550918	1789573196578.53	431.98951745033264	4058.0602658	1789573628568.0476
sub-10037	ses-1	run-02	0	98	36	5	8	23	36	40	36	40	left	right	2.0	223.96950000029392	False	False	loss	32	248.5869345664978	3874.6506074	1789573445165.4646	248.89079427719116	3874.954587	1789573445469.3245	249.11476377719146	3875.1785565000005	1789573445693.294	3875.4322025	249.97367978096008	3876.0374653	1789573446552.21	3876.0374653	601.7572103775547	300.0	0.0	3626.0550918	1789573196578.53	431.98951745033264	4058.0602658	1789573628568.0476
sub-10037	ses-1	run-02	0	99	36	5	9	23	36	40	40	36	right	left	1.0	546.4093000000503	True	True	win	31	250.975891828537	3877.039799	1789573447554.4219	251.2800886631012	3877.3441326	1789573447858.6187	251.82649796310125	3877.8905419000002	1789573448405.0278	3878.1430189	252.7805163860321	3878.8444328	1789573449359.0464	3878.8444328	697.1319551860024	300.0	0.0	3626.0550918	1789573196578.53	431.98951745033264	4058.0602658	1789573628568.0476
sub-10037	ses-1	run-02	0	100	36	5	10	23	36	40	36	40	left	right	1.0	355.79760000018723	True	True	win	31	253.7825129032135	3879.8467363	1789573450361.043	254.08682703971863	3880.1507979	1789573450665.3572	254.44262463971882	3880.5065955	1789573451021.1548	3880.7591949	255.26008892059326	3881.3245304	1789573451838.619	3881.3245304	561.6073889242128	300.0	0.0	3626.0550918	1789573196578.53	431.98951745033264	4058.0602658	1789573628568.0476
sub-10037	ses-1	run-02	0	101	36	5	11	23	36	40	36	40	left	right	1.0	524.3039000001772	True	True	win	31	256.2619934082031	3882.3261737	1789573452840.5234	256.56622409820557	3882.630271	1789573453144.7542	257.09052799820574	3883.1545749	1789573453669.058	3883.4091907	257.95685267448425	3884.0209411	1789573454535.3828	3884.0209411	607.5331349700422	300.0	0.0	3626.0550918	1789573196578.53	431.98951745033264	4058.0602658	1789573628568.0476
sub-10037	ses-1	run-02	0	102	36	5	12	23	36	40	36	40	left	right	1.0	394.7938000001159	True	False	loss	32	258.9593868255615	3885.023448	1789573455537.917	259.26362919807434	3885.3277713	1789573455842.1592	259.65842299807446	3885.7225651000003	1789573456236.953	3885.9766876	260.47706413269043	3886.5418918	1789573457055.5942	3886.5418918	561.2620974104026	300.0	0.0	3626.0550918	1789573196578.53	431.98951745033264	4058.0602658	1789573628568.0476
sub-10037	ses-1	run-02	0	103	36	5	13	23	36	40	40	36	right	left	1.0	433.12360000027184	True	True	win	31	261.4800760746002	3887.5441281	1789573458058.6062	261.78531074523926	3887.849549	1789573458363.8408	262.21843434523953	3888.2826726000003	1789573458796.9644	3888.5393949	263.09051156044006	3889.1546874	1789573459669.0417	3889.1546874	611.4173786128393	300.0	0.0	3626.0550918	1789573196578.53	431.98951745033264	4058.0602658	1789573628568.0476
sub-10037	ses-1	run-02	0	104	36	5	14	23	36	40	36	40	left	right	1.0	284.91759999997157	True	True	win	31	264.09269738197327	3890.156863	1789573460671.2275	264.39745903015137	3890.4617041	1789573460975.989	264.68237663015134	3890.7466217	1789573461260.9065	3891.0003389	265.5244162082672	3891.5895189	1789573462102.9463	3891.5895189	585.9276406255116	300.0	0.0	3626.0550918	1789573196578.53	431.98951745033264	4058.0602658	1789573628568.0476
sub-10037	ses-1	run-02	0	105	36	5	15	23	36	40	40	36	right	left	1.0	267.56909999994605	True	True	win	31	266.5267164707184	3892.5910146	1789573463105.2466	266.83070731163025	3892.8952276	1789573463409.2373	267.0982764116302	3893.1627967	1789573463676.8064	3893.4190521	268.0386600494385	3894.1038946	1789573464617.1902	3894.1038946	681.8244571738375	300.0	0.0	3626.0550918	1789573196578.53	431.98951745033264	4058.0602658	1789573628568.0476
sub-10037	ses-1	run-02	0	106	36	5	16	23	36	40	36	40	left	right	1.0	472.50149999990754	True	True	win	31	269.04063057899475	3895.1050546	1789573465619.1606	269.3456361293793	3895.4100852	1789573465924.1663	269.8181376293792	3895.8825867	1789573466396.6677	3896.1395757	270.7048466205597	3896.7700616	1789573467283.3767	3896.7700616	626.7224617254004	300.0	0.0	3626.0550918	1789573196578.53	431.98951745033264	4058.0602658	1789573628568.0476
sub-10037	ses-1	run-02	0	107	36	5	17	23	36	40	40	36	right	left	1.0	414.99149999981455	True	False	loss	32	271.70678091049194	3897.7712219	1789573468285.311	272.0112609863281	3898.0756819	1789573468589.791	272.42625248632794	3898.4906733999997	1789573469004.7825	3898.7446772	273.1996350288391	3899.264764	1789573469778.165	3899.264764	516.6176413985514	300.0	0.0	3626.0550918	1789573196578.53	431.98951745033264	4058.0602658	1789573628568.0476
sub-10037	ses-1	run-02	0	108	36	5	18	23	36	40	40	36	right	left	1.0	303.03730000014184	True	True	win	31	274.20193314552307	3900.2665738	1789573470780.4631	274.506956577301	3900.5715298	1789573471085.4866	274.80999387730117	3900.8745671	1789573471388.524	3901.130593	275.6868736743927	3901.7521155	1789573472265.4038	3901.7521155	617.1986718598545	300.0	0.0	3626.0550918	1789573196578.53	431.98951745033264	4058.0602658	1789573628568.0476
sub-10037	ses-1	run-02	0	109	36	5	19	23	36	40	40	36	right	left	1.0	448.8132000001315	True	True	win	31	276.6888360977173	3902.7535528	1789573473267.3662	276.99311351776123	3903.0579065	1789573473571.6436	277.44192671776136	3903.5067197000003	1789573474020.4568	3903.7619125	278.3318908214569	3904.3973872	1789573474910.421	3904.3973872	631.5544196788105	300.0	0.0	3626.0550918	1789573196578.53	431.98951745033264	4058.0602658	1789573628568.0476
sub-10037	ses-1	run-02	0	110	36	5	20	23	36	40	40	36	right	left	1.0	371.8413999999939	True	True	win	31	279.33339190483093	3905.3981971	1789573475911.9219	279.6379883289337	3905.7028006	1789573476216.5183	280.0098297289337	3906.074642	1789573476588.3596	3906.3267818	280.9643042087555	3907.0290507	1789573477542.8342	3907.0290507	698.7909883057972	300.0	0.0	3626.0550918	1789573196578.53	431.98951745033264	4058.0602658	1789573628568.0476
sub-10037	ses-1	run-02	0	111	36	5	21	23	36	40	36	40	left	right	1.0	435.1883999997881	True	True	win	31	281.96548986434937	3908.0311929	1789573478544.02	282.27002596855164	3908.3354269	1789573478848.5562	282.7052143685514	3908.7706153	1789573479283.7446	3909.0245706	283.6471552848816	3909.7127713	1789573480225.6853	3909.7127713	684.0128719970131	300.0	0.0	3626.0550918	1789573196578.53	431.98951745033264	4058.0602658	1789573628568.0476
sub-10037	ses-1	run-02	0	112	36	5	22	23	36	40	40	36	right	left	1.0	375.63060000002224	True	False	loss	32	284.6497085094452	3910.7145587	1789573481228.2385	284.95401883125305	3911.0189405	1789573481532.5488	285.3296494312531	3911.3945711	1789573481908.1794	3911.6472374	286.15935826301575	3912.2242613	1789573482737.8884	3912.2242613	573.0008077881835	300.0	0.0	3626.0550918	1789573196578.53	431.98951745033264	4058.0602658	1789573628568.0476
sub-10037	ses-1	run-02	0	113	40	6	0	23	36	40	40	36	right	left	1.0	296.26530000041384	False	False	loss	32	287.16038823127747	3913.2254051	1789573483738.9182	287.46514654159546	3913.5303304	1789573484043.6765	287.7614118415959	3913.8265957000003	1789573484339.942	3914.0782812	288.54434514045715	3914.6102703	1789573485122.8752	3914.6102703	528.9287227255246	300.0	0.0	3626.0550918	1789573196578.53	431.98951745033264	4058.0602658	1789573628568.0476
sub-10037	ses-1	run-02	0	114	40	6	1	23	36	40	36	40	left	right	2.0	805.8028000000377	True	True	win	31	289.5467813014984	3915.6121946	1789573486125.3113	289.85170102119446	3915.9168347	1789573486430.2312	290.6575038211945	3916.7226375	1789573487236.034	3916.9777347	291.5475580692291	3917.6126169	1789573488126.0881	3917.6126169	630.6718228075433	300.0	0.0	3626.0550918	1789573196578.53	431.98951745033264	4058.0602658	1789573628568.0476
sub-10037	ses-1	run-02	0	115	40	6	2	23	36	40	36	40	left	right	2.0	379.28759999977046	True	True	win	31	292.5501215457916	3918.6152747	1789573489128.6516	292.8539414405823	3918.9193772	1789573489432.4714	293.23322904058205	3919.2986647999996	1789573489811.759	3919.554002	294.1490259170532	3920.2150663	1789573490727.556	3920.2150663	657.3279964344748	300.0	0.0	3626.0550918	1789573196578.53	431.98951745033264	4058.0602658	1789573628568.0476
sub-10037	ses-1	run-02	0	116	40	6	3	23	36	40	40	36	right	left	2.0	481.82900000028894	True	True	win	31	295.15026235580444	3921.2156765	1789573491728.7925	295.45523834228516	3921.5208103	1789573492033.7683	295.93706734228545	3922.0026393000003	1789573492515.5974	3922.2554755	296.70519495010376	3922.771396	1789573493283.725	3922.771396	511.6609814690134	300.0	0.0	3626.0550918	1789573196578.53	431.98951745033264	4058.0602658	1789573628568.0476
sub-10037	ses-1	run-02	0	117	40	6	4	23	36	40	36	40	left	right	2.0	332.8545999997914	True	True	win	31	297.70816826820374	3923.7736112	1789573494286.6982	298.0123727321625	3924.0777565	1789573494590.9028	298.34522733216227	3924.4106110999996	1789573494923.7573	3924.6658129	299.1920018196106	3925.2573461	1789573495770.532	3925.2573461	587.3914904154988	300.0	0.0	3626.0550918	1789573196578.53	431.98951745033264	4058.0602658	1789573628568.0476
sub-10037	ses-1	run-02	0	118	40	6	5	23	36	40	36	40	left	right	2.0	381.7449999996825	True	True	win	31	300.1943325996399	3926.2598397	1789573496772.8628	300.49866771698	3926.5648006	1789573497077.1978	300.88041271697966	3926.9465456	1789573497458.9429	3927.2032252	301.8344078063965	3927.8998781	1789573498412.938	3927.8998781	692.8514969340795	300.0	0.0	3626.0550918	1789573196578.53	431.98951745033264	4058.0602658	1789573628568.0476
sub-10037	ses-1	run-02	0	119	40	6	6	23	36	40	36	40	left	right	2.0	349.32800000024145	True	True	win	31	302.83541464805603	3928.9009867	1789573499413.9448	303.13964557647705	3929.2053088	1789573499718.1755	303.4889735764773	3929.5546368	1789573500067.5034	3929.8081617	304.34561467170715	3930.4111082	1789573500924.1448	3930.4111082	599.8110044796117	300.0	0.0	3626.0550918	1789573196578.53	431.98951745033264	4058.0602658	1789573628568.0476
sub-10037	ses-1	run-02	0	120	40	6	7	23	36	40	36	40	left	right	2.0	333.58810000027006	True	True	win	31	305.34704327583313	3931.4128047	1789573501925.5732	305.6513497829437	3931.7169315	1789573502229.88	305.984937882944	3932.0505196000004	1789573502563.468	3932.3051934	306.9334967136383	3932.9991125	1789573503512.0269	3932.9991125	690.0888778386799	300.0	0.0	3626.0550918	1789573196578.53	431.98951745033264	4058.0602658	1789573628568.0476
sub-10037	ses-1	run-02	0	121	40	6	8	23	36	40	40	36	right	left	2.0	752.5419999997212	True	True	win	31	307.9353280067444	3934.0018331	1789573504513.8582	308.2404725551605	3934.306138	1789573504819.0027	308.99301455516024	3935.0586799999996	1789573505571.5447	3935.3111591	309.7895278930664	3935.855773	1789573506368.0579	3935.855773	540.1779116854603	300.0	0.0	3626.0550918	1789573196578.53	431.98951745033264	4058.0602658	1789573628568.0476
sub-10037	ses-1	run-02	0	122	40	6	9	23	36	40	40	36	right	left	2.0	385.24649999999383	True	False	loss	32	310.79122495651245	3936.8570252	1789573507369.7551	311.0950586795807	3937.1614162	1789573507673.5889	311.4803051795807	3937.5466627	1789573508058.8354	3937.8003838	312.32199215888977	3938.3883034	1789573508900.5222	3938.3883034	583.5537544054188	300.0	0.0	3626.0550918	1789573196578.53	431.98951745033264	4058.0602658	1789573628568.0476
sub-10037	ses-1	run-02	0	123	40	6	10	23	36	40	40	36	right	left	2.0	411.3183999998	True	True	win	31	313.3250296115875	3939.3910206	1789573509903.5596	313.6292839050293	3939.6952427	1789573510207.814	314.0406023050291	3940.1065611	1789573510619.1323	3940.3589589	314.86331963539124	3940.9294993	1789573511441.8496	3940.9294993	566.9196668885446	300.0	0.0	3626.0550918	1789573196578.53	431.98951745033264	4058.0602658	1789573628568.0476
sub-10037	ses-1	run-02	0	124	40	6	11	23	36	40	40	36	right	left	2.0	326.1131000003843	True	False	loss	32	315.86594700813293	3941.9320364	1789573512444.477	316.1703751087189	3942.2364614	1789573512748.9053	316.49648820871926	3942.5625745	1789573513075.0183	3942.8146048	317.30990839004517	3943.3767856	1789573513888.4385	3943.3767856	558.4691421843228	300.0	0.0	3626.0550918	1789573196578.53	431.98951745033264	4058.0602658	1789573628568.0476
sub-10037	ses-1	run-02	0	125	40	6	12	23	36	40	40	36	right	left	2.0	479.9112000000605	True	False	loss	32	318.3119521141052	3944.3780208	1789573514890.4822	318.61663126945496	3944.6827796	1789573515195.1614	319.096542469455	3945.1626908	1789573515675.0725	3945.4165974	320.032506942749	3946.0991905	1789573516611.037	3946.0991905	678.6868178378402	300.0	0.0	3626.0550918	1789573196578.53	431.98951745033264	4058.0602658	1789573628568.0476
sub-10037	ses-1	run-02	0	126	40	6	13	23	36	40	40	36	right	left	1.0	293.81869999997434	False	False	loss	32	321.03410720825195	3947.1004331	1789573517612.6372	321.3386936187744	3947.4048977	1789573517917.2236	321.6325123187744	3947.6987164	1789573518211.0422	3947.9532076	322.40212512016296	3948.4684157	1789573518980.6553	3948.4684157	511.88038178641426	300.0	0.0	3626.0550918	1789573196578.53	431.98951745033264	4058.0602658	1789573628568.0476
sub-10037	ses-1	run-02	0	127	40	6	14	23	36	40	36	40	left	right	1.0	724.3385000001581	False	False	loss	32	323.40378975868225	3949.4700295	1789573519982.3198	323.707923412323	3949.7743693	1789573520286.4534	324.43226191232316	3950.4987078000004	1789573521010.7917	3950.7541266	325.3251507282257	3951.3915322	1789573521903.681	3951.3915322	633.564691062452	300.0	0.0	3626.0550918	1789573196578.53	431.98951745033264	4058.0602658	1789573628568.0476
sub-10037	ses-1	run-02	0	128	40	6	15	23	36	40	36	40	left	right	2.0	328.69899999968766	True	True	win	31	326.3267934322357	3952.3931009	1789573522905.3235	326.6309130191803	3952.6978749	1789573523209.443	326.95961201918	3953.0265738999997	1789573523538.142	3953.2820554	327.7930872440338	3953.8602243	1789573524371.6174	3953.8602243	574.4139200106424	300.0	0.0	3626.0550918	1789573196578.53	431.98951745033264	4058.0602658	1789573628568.0476
sub-10037	ses-1	run-02	0	129	40	6	16	23	36	40	36	40	left	right	2.0	324.25210000019433	True	True	win	31	328.7949812412262	3954.8614763	1789573525373.5112	329.099809885025	3955.1662644	1789573525678.3398	329.4240619850252	3955.4905165	1789573526002.592	3955.7444718	330.28068804740906	3956.347235	1789573526859.218	3956.347235	598.3021648496324	300.0	0.0	3626.0550918	1789573196578.53	431.98951745033264	4058.0602658	1789573628568.0476
sub-10037	ses-1	run-02	0	130	40	6	17	23	36	40	40	36	right	left	2.0	453.25270000012097	True	False	loss	32	331.2824082374573	3957.3490139	1789573527860.9382	331.5867009162903	3957.6533155	1789573528165.231	332.0399536162904	3958.1065682000003	1789573528618.4836	3958.3622385	332.81494402885437	3958.8816245	1789573529393.474	3958.8816245	515.6147520036013	300.0	0.0	3626.0550918	1789573196578.53	431.98951745033264	4058.0602658	1789573628568.0476
sub-10037	ses-1	run-02	0	131	40	6	18	23	36	40	36	40	left	right	2.0	277.59530000002997	True	True	win	31	333.81619453430176	3959.8836824	1789573530394.7246	334.1222987174988	3960.1889613	1789573530700.8289	334.3998940174988	3960.4665566	1789573530978.424	3960.7221765	335.1639037132263	3961.230547	1789573531742.4338	3961.230547	504.2435640076075	300.0	0.0	3626.0550918	1789573196578.53	431.98951745033264	4058.0602658	1789573628568.0476
sub-10037	ses-1	run-02	0	132	40	6	19	23	36	40	40	36	right	left	1.0	433.8963000000149	False	False	loss	32	336.16561245918274	3962.2323468	1789573532744.1426	336.46999192237854	3962.536622	1789573533048.522	336.90388822237855	3962.9705183	1789573533482.4182	3963.2251806	337.7187614440918	3963.7854355	1789573534297.2915	3963.7854355	556.8429565747053	300.0	0.0	3626.0550918	1789573196578.53	431.98951745033264	4058.0602658	1789573628568.0476
sub-10037	ses-1	run-02	0	133	40	6	20	23	36	40	36	40	left	right	2.0	318.80420000015874	True	False	loss	32	338.72058176994324	3964.787265	1789573535299.1118	339.0248610973358	3965.0917553	1789573535603.391	339.343665297336	3965.4105595	1789573535922.1953	3965.665134	340.2535631656647	3966.3204805	1789573536832.0933	3966.3204805	651.9859628027966	300.0	0.0	3626.0550918	1789573196578.53	431.98951745033264	4058.0602658	1789573628568.0476
sub-10037	ses-1	run-02	0	134	40	6	21	23	36	40	36	40	left	right	2.0	320.424500000172	True	True	win	31	341.25431513786316	3967.3218751	1789573537832.8452	341.55909419059753	3967.6260347	1789573538137.6243	341.8795186905977	3967.9464592000004	1789573538458.0488	3968.1996977	342.73525285720825	3968.8021779	1789573539313.783	3968.8021779	598.5362731348105	300.0	0.0	3626.0550918	1789573196578.53	431.98951745033264	4058.0602658	1789573628568.0476
sub-10037	ses-1	run-02	0	135	40	6	22	23	36	40	40	36	right	left	2.0	478.4154999997554	True	True	win	31	343.7368586063385	3969.8037992	1789573540315.3887	344.0410816669464	3970.1081486	1789573540619.6118	344.51949716694617	3970.5865640999996	1789573541098.0273	3970.8425391	345.3248481750488	3971.3920141	1789573541903.3782	3971.3920141	545.9835186682211	300.0	0.0	3626.0550918	1789573196578.53	431.98951745033264	4058.0602658	1789573628568.0476
sub-10037	ses-1	run-02	0	136	36	7	0	23	36	40	36	40	left	right	2.0	383.79829999985304	False	False	loss	32	346.3272113800049	3972.3943412	1789573542905.7415	346.6315975189209	3972.6987517	1789573543210.1277	347.01539581892075	3973.0825499999996	1789573543593.926	3973.3383083	347.784720659256	3973.8517237	1789573544363.2507	3973.8517237	509.22433588706684	300.0	0.0	3626.0550918	1789573196578.53	431.98951745033264	4058.0602658	1789573628568.0476
sub-10037	ses-1	run-02	0	137	36	7	1	23	36	40	36	40	left	right	2.0	316.98240000014266	False	False	loss	32	348.7857999801636	3974.8537707	1789573545364.33	349.0913963317871	3975.1584607	1789573545669.9265	349.40837873178725	3975.4754431	1789573545986.909	3975.7328296	350.3683090209961	3976.4356138	1789573546946.839	3976.4356138	698.8404351807138	300.0	0.0	3626.0550918	1789573196578.53	431.98951745033264	4058.0602658	1789573628568.0476
sub-10037	ses-1	run-02	0	138	36	7	2	23	36	40	36	40	left	right	1.0	499.9279000003298	True	True	win	31	351.37008452415466	3977.437777	1789573547948.6145	351.67526721954346	3977.7425568	1789573548253.7974	352.1751951195438	3978.2424847	1789573548753.7253	3978.495462	352.9320693016052	3979.0001171	1789573549510.5994	3979.0001171	500.741843337478	300.0	0.0	3626.0550918	1789573196578.53	431.98951745033264	4058.0602658	1789573628568.0476
sub-10037	ses-1	run-02	0	139	36	7	3	23	36	40	36	40	left	right	1.0	440.94330000007176	True	True	win	31	353.9336211681366	3980.0009736	1789573550512.1511	354.2381958961487	3980.3056127	1789573550816.726	354.67913919614875	3980.746556	1789573551257.6694	3980.9996538	355.53406834602356	3981.6021883	1789573552112.5984	3981.6021883	598.4173329360681	300.0	0.0	3626.0550918	1789573196578.53	431.98951745033264	4058.0602658	1789573628568.0476
sub-10037	ses-1	run-02	0	140	36	7	4	23	36	40	40	36	right	left	1.0	398.3949999997094	True	False	loss	32	356.5359773635864	3982.6033154	1789573553114.5073	356.84073066711426	3982.9081925	1789573553419.2607	357.23912566711397	3983.3065874999998	1789573553817.6558	3983.5615887	358.0285601615906	3984.0961213	1789573554607.0903	3984.0961213	530.5486709317765	300.0	0.0	3626.0550918	1789573196578.53	431.98951745033264	4058.0602658	1789573628568.0476
sub-10037	ses-1	run-02	0	141	36	7	5	23	36	40	36	40	left	right	1.0	416.8857999998181	True	False	loss	32	359.0298840999603	3985.0975952	1789573555608.414	359.33413338661194	3985.4016199	1789573555912.6636	359.75101918661176	3985.8185056999996	1789573556329.5493	3986.0749577	360.6609411239624	3986.729313	1789573557239.4712	3986.729313	650.1393449262102	300.0	0.0	3626.0550918	1789573196578.53	431.98951745033264	4058.0602658	1789573628568.0476
sub-10037	ses-1	run-02	0	142	36	7	6	23	36	40	40	36	right	left	1.0	214.13650000022244	True	True	win	31	361.66466760635376	3987.7322835	1789573558243.1978	361.9687521457672	3988.0364212	1789573558547.2822	362.18288864576743	3988.2505577	1789573558761.4187	3988.5036599	362.9982633590698	3989.065977	1789573559576.7935	3989.065977	558.4879735910522	300.0	0.0	3626.0550918	1789573196578.53	431.98951745033264	4058.0602658	1789573628568.0476
sub-10037	ses-1	run-02	0	143	36	7	7	23	36	40	40	36	right	left	1.0	253.76079999978174	True	False	loss	32	363.9998531341553	3990.068246	1789573560578.3833	364.305029630661	3990.3728787	1789573560883.5598	364.5587904306608	3990.6266395	1789573561137.3206	3990.8810023	365.4734013080597	3991.5411851	1789573562051.9314	3991.5411851	656.2398777378514	300.0	0.0	3626.0550918	1789573196578.53	431.98951745033264	4058.0602658	1789573628568.0476
sub-10037	ses-1	run-02	0	144	36	7	8	23	36	40	40	36	right	left	1.0	307.00619999970513	True	True	win	31	366.4746742248535	3992.5432128	1789573563053.2043	366.77982783317566	3992.8475978	1789573563358.358	367.08683403317536	3993.154604	1789573563665.364	3993.4110198	367.96544003486633	3994.0332973	1789573564543.9702	3994.0332973	618.8329002560786	300.0	0.0	3626.0550918	1789573196578.53	431.98951745033264	4058.0602658	1789573628568.0476
sub-10037	ses-1	run-02	0	145	36	7	9	23	36	40	40	36	right	left	1.0	223.47420000005513	True	True	win	31	368.96625900268555	3995.034802	1789573565544.789	369.2710952758789	3995.3390045	1789573565849.6252	369.49456947587896	3995.5624787	1789573566073.0994	3995.8163267	370.3959815502167	3996.4639404	1789573566974.5117	3996.4639404	644.2585116996175	300.0	0.0	3626.0550918	1789573196578.53	431.98951745033264	4058.0602658	1789573628568.0476
sub-10037	ses-1	run-02	0	146	36	7	10	23	36	40	40	36	right	left	1.0	385.0062000001344	True	True	win	31	371.3971071243286	3997.4657074	1789573567975.6372	371.70169401168823	3997.7696561	1789573568280.224	372.08670021168837	3998.1546623	1789573568665.2302	3998.4085814	372.9481112957001	3999.0159963	1789573569526.6414	3999.0159963	602.0952570332315	300.0	0.0	3626.0550918	1789573196578.53	431.98951745033264	4058.0602658	1789573628568.0476
sub-10037	ses-1	run-02	0	147	36	7	11	23	36	40	36	40	left	right	1.0	480.4414000000179	True	True	win	31	373.9497175216675	4000.0176951	1789573570528.2476	374.2539701461792	4000.3220549	1789573570832.5002	374.7344115461792	4000.8024963	1789573571312.9417	4001.0563966	375.5130977630615	4001.5812283	1789573572091.628	4001.5812283	520.67105409521	300.0	0.0	3626.0550918	1789573196578.53	431.98951745033264	4058.0602658	1789573628568.0476
sub-10037	ses-1	run-02	0	148	36	7	12	23	36	40	40	36	right	left	1.0	410.7527000001028	True	False	loss	32	376.5146176815033	4002.5833413	1789573573093.1477	376.819589138031	4002.8877201	1789573573398.1191	377.2303418380311	4003.2984728	1789573573808.8718	4003.5521859	378.15144085884094	4004.2196337	1789573574729.971	4004.2196337	663.1707423282307	300.0	0.0	3626.0550918	1789573196578.53	431.98951745033264	4058.0602658	1789573628568.0476
sub-10037	ses-1	run-02	0	149	36	7	13	23	36	40	36	40	left	right	1.0	421.6874999997344	True	True	win	31	379.1524634361267	4005.2213278	1789573575730.9934	379.4568221569061	4005.524925	1789573576035.3523	379.87850965690586	4005.9466125	1789573576457.0398	4006.1995308	380.7964882850647	4006.8649557	1789573577375.0183	4006.8649557	661.7323804453252	300.0	0.0	3626.0550918	1789573196578.53	431.98951745033264	4058.0602658	1789573628568.0476
sub-10037	ses-1	run-02	0	150	36	7	14	23	36	40	36	40	left	right	1.0	399.35990000003585	True	True	win	31	381.79734468460083	4007.8664572	1789573578375.8748	382.1027581691742	4008.1711402	1789573578681.2883	382.50211806917423	4008.5705001	1789573579080.6482	4008.8250506	383.36532378196716	4009.4336869	1789573579943.8538	4009.4336869	604.7806401987933	300.0	0.0	3626.0550918	1789573196578.53	431.98951745033264	4058.0602658	1789573628568.0476
sub-10037	ses-1	run-02	0	151	36	7	15	23	36	40	36	40	left	right	1.0	310.6854000002386	True	True	win	31	384.36702847480774	4010.4355405	1789573580945.5586	384.6713664531708	4010.7397937	1789573581249.8965	384.982051853171	4011.0504791000003	1789573581560.5818	4011.3030524	385.87483072280884	4011.9433271	1789573582453.3608	4011.9433271	636.6114865816329	300.0	0.0	3626.0550918	1789573196578.53	431.98951745033264	4058.0602658	1789573628568.0476
sub-10037	ses-1	run-02	0	152	36	7	16	23	36	40	36	40	left	right	1.0	400.9694000001218	True	True	win	31	386.87674379348755	4012.9451425	1789573583455.274	387.1812651157379	4013.2496342	1789573583759.7952	387.58223451573804	4013.6506036	1789573584160.7646	4013.9036478	388.4494643211365	4014.5184897	1789573585027.9944	4014.5184897	611.3126895937907	300.0	0.0	3626.0550918	1789573196578.53	431.98951745033264	4058.0602658	1789573628568.0476
sub-10037	ses-1	run-02	0	153	36	7	17	23	36	40	36	40	left	right	1.0	330.43140000017956	True	True	win	31	389.4504737854004	4015.5197824	1789573586029.004	389.7554395198822	4015.8240464	1789573586333.9695	390.0858709198824	4016.1544778	1789573586664.401	4016.4072775	390.96991300582886	4017.0385578	1789573587548.443	4017.0385578	627.8712875334189	300.0	0.0	3626.0550918	1789573196578.53	431.98951745033264	4058.0602658	1789573628568.0476
sub-10037	ses-1	run-02	0	154	36	7	18	23	36	40	40	36	right	left	1.0	473.64749999997	True	False	loss	32	391.97183060646057	4018.0403306	1789573588550.3606	392.2763476371765	4018.3448884	1789573588854.8777	392.7499951371765	4018.8185359	1789573589328.5251	4019.073936	393.579519033432	4019.6482882	1789573590158.049	4019.6482882	570.4921918484704	300.0	0.0	3626.0550918	1789573196578.53	431.98951745033264	4058.0602658	1789573628568.0476
sub-10037	ses-1	run-02	0	155	36	7	19	23	36	40	40	36	right	left	1.0	400.7661000000553	True	False	loss	32	394.5806338787079	4020.6499645	1789573591159.164	394.8849563598633	4020.9537045	1789573591463.4863	395.28572245986334	4021.3544706000002	1789573591864.2524	4021.6070375	396.13782238960266	4022.2065981	1789573592716.3525	4022.2065981	595.8930142071013	300.0	0.0	3626.0550918	1789573196578.53	431.98951745033264	4058.0602658	1789573628568.0476
sub-10037	ses-1	run-02	0	156	36	7	20	23	36	40	40	36	right	left	2.0	345.21070000027976	False	False	loss	32	397.1402897834778	4023.2089806	1789573593718.8198	397.4436719417572	4023.513316	1789573594022.202	397.7888826417575	4023.8585267000003	1789573594367.4126	4024.1116705	398.60185265541077	4024.6707737	1789573595180.3828	4024.6707737	555.2226404942013	300.0	0.0	3626.0550918	1789573196578.53	431.98951745033264	4058.0602658	1789573628568.0476
sub-10037	ses-1	run-02	0	157	36	7	21	23	36	40	40	36	right	left	1.0	273.5304000002543	True	True	win	31	399.6038181781769	4025.6727396	1789573596182.3481	399.9080104827881	4025.9769877	1789573596486.5405	400.18154088278834	4026.2505181	1789573596760.071	4026.5052901	401.0340325832367	4027.1030297	1789573597612.5627	4027.1030297	593.7015986956529	300.0	0.0	3626.0550918	1789573196578.53	431.98951745033264	4058.0602658	1789573628568.0476
sub-10037	ses-1	run-02	0	158	36	7	22	23	36	40	40	36	right	left	1.0	240.86639999995896	True	True	win	31	402.0362768173218	4028.1051936	1789573598614.807	402.340633392334	4028.4096721	1789573598919.1636	402.58149979233394	4028.6505385	1789573599160.03	4028.9036606	403.35922479629517	4029.4282234	1789573599937.755	4029.4282234	520.9836835695327	300.0	0.0	3626.0550918	1789573196578.53	431.98951745033264	4058.0602658	1789573628568.0476
sub-10037	ses-1	run-02	0	159	40	8	0	23	36	40	40	36	right	left	1.0	244.48859999984052	False	False	loss	32	404.36063623428345	4030.4300085	1789573600939.1663	404.66492080688477	4030.733997	1789573601243.451	404.9094094068846	4030.9784855999997	1789573601487.9395	4031.2321869	405.85471630096436	4031.9238797	1789573602433.2463	4031.9238797	687.7244789658507	300.0	0.0	3626.0550918	1789573196578.53	431.98951745033264	4058.0602658	1789573628568.0476
sub-10037	ses-1	run-02	0	160	40	8	1	23	36	40	36	40	left	right	2.0	244.8669999998856	True	True	win	31	406.8564305305481	4032.9254484	1789573603434.9607	407.16028356552124	4033.2296646	1789573603738.8137	407.4051505655211	4033.4745316	1789573603983.6807	4033.7281421	408.3568596839905	4034.4261152	1789573604935.3896	4034.4261152	694.6445944661235	300.0	0.0	3626.0550918	1789573196578.53	431.98951745033264	4058.0602658	1789573628568.0476
sub-10037	ses-1	run-02	0	161	40	8	2	23	36	40	40	36	right	left	2.0	383.49779999998646	True	True	win	31	409.3584854602814	4035.4277007	1789573605937.0156	409.6616656780243	4035.7309793	1789573606240.1958	410.0451634780243	4036.1144771	1789573606623.6936	4036.3696832	410.95166182518005	4037.0208221	1789573607530.192	4037.0208221	646.0755489243122	300.0	0.0	3626.0550918	1789573196578.53	431.98951745033264	4058.0602658	1789573628568.0476
sub-10037	ses-1	run-02	0	162	40	8	3	23	36	40	36	40	left	right	2.0	300.16029999978855	True	True	win	31	411.9523079395294	4038.0224324	1789573608530.838	412.2570638656616	4038.3263789	1789573608835.594	412.5572241656614	4038.6265391999996	1789573609135.7544	4038.8802538	413.5125687122345	4039.5819717	1789573610091.0989	4039.5819717	697.637348868891	300.0	0.0	3626.0550918	1789573196578.53	431.98951745033264	4058.0602658	1789573628568.0476
sub-10037	ses-1	run-02	0	163	40	8	4	23	36	40	36	40	left	right	2.0	330.5912000000717	True	True	win	31	414.5142045021057	4040.5836247	1789573611092.7346	414.8185980319977	4040.8878908	1789573611397.1282	415.14918923199775	4041.218482	1789573611727.7195	4041.4714208	416.05382800102234	4042.1239776	1789573612632.3582	4042.1239776	648.6393996288166	300.0	0.0	3626.0550918	1789573196578.53	431.98951745033264	4058.0602658	1789573628568.0476
sub-10037	ses-1	run-02	0	164	40	8	5	23	36	40	40	36	right	left	2.0	517.0468000001165	True	True	win	31	417.0558834075928	4043.1253059	1789573613634.4136	417.36000537872314	4043.4294488	1789573613938.5354	417.87705217872326	4043.9464956	1789573614455.5823	4044.1992069	418.8306269645691	4044.9006391	1789573615409.157	4044.9006391	697.1628294328713	300.0	0.0	3626.0550918	1789573196578.53	431.98951745033264	4058.0602658	1789573628568.0476
sub-10037	ses-1	run-02	0	165	40	8	6	23	36	40	36	40	left	right	2.0	365.5604000000494	True	True	win	31	419.8320384025574	4045.9014864	1789573616410.5684	420.1353454589844	4046.2048882	1789573616713.8755	420.5009058589844	4046.5704486	1789573617079.4358	4046.823071	421.39737010002136	4047.4669624	1789573617975.9001	4047.4669624	640.8495951286503	300.0	0.0	3626.0550918	1789573196578.53	431.98951745033264	4058.0602658	1789573628568.0476
sub-10037	ses-1	run-02	0	166	40	8	7	23	36	40	40	36	right	left	2.0	373.08930000017426	True	True	win	31	422.399453163147	4048.469229	1789573618977.9832	422.7036828994751	4048.7734767	1789573619282.213	423.0767721994753	4049.1465660000003	1789573619655.3022	4049.4018976	423.9081015586853	4049.9777973	1789573620486.6316	4049.9777973	571.3130168582256	300.0	0.0	3626.0550918	1789573196578.53	431.98951745033264	4058.0602658	1789573628568.0476
sub-10037	ses-1	run-02	0	167	40	8	8	23	36	40	36	40	left	right					miss	33	424.91099858283997	4050.9809335	1789573621489.5286	425.2151176929474	4051.2849616	1789573621793.6477					427.05010175704956	4053.1199829	1789573623628.6318	4053.1199829	576.7632084450605	300.0	0.0	3626.0550918	1789573196578.53	431.98951745033264	4058.0602658	1789573628568.0476
sub-10037	ses-1	run-02	0	168	40	8	9	23	36	40	36	40	left	right					miss	33	428.0521080493927	4054.1220945	1789573624630.6382	428.35624742507935	4054.4261679	1789573624934.7776					430.20668721199036	4056.2766694	1789573626785.2173	4056.2766694	592.3425535357317	300.0	0.0	3626.0550918	1789573196578.53	431.98951745033264	4058.0602658	1789573628568.0476
