subject_id,session_id,run,localizer,trialNumber,stim_onset,stim_onset_lsl_time,stop_onset,stop_onset_lsl_time,response_onset,response_onset_lsl_time,run_start_unix_time,stim_onset_unix_time,stop_onset_unix_time,response_onset_unix_time,run_end_unix_time,outcome_lsl_time,marker_code,stimulus,stop,response,response_key,rt,ssd,go_correct,go_incorrect,go_miss,stop_success,stop_failure_arrowcorrect,outcome,run_start_lsl_time,run_end_lsl_time,run_start_task_time,run_end_task_time
sub-2002,ses-1,run-01,0,1,1.5927190000074916,,,,,,1790637117.1772726,1790637118.7699916,,,1790637606.1864088,,,left,0,False,,,0.25,0,0,999,0,,go_miss,,,0,489.0091362000094
sub-2002,ses-1,run-01,0,2,11.209708600013983,,,,,,1790637117.1772726,1790637128.3869812,,,1790637606.1864088,,,right,0,False,,,0.25,0,0,999,0,,go_miss,,,0,489.0091362000094
sub-2002,ses-1,run-01,0,3,19.00944759999402,,19.26127419999102,,,,1790637117.1772726,1790637136.1867201,1790637136.4385467,,1790637606.1864088,,,right,1,False,,,0.3,0,0,0,1,,stop_success,,,0,489.0091362000094
sub-2002,ses-1,run-01,0,4,27.50922259996878,,,,,,1790637117.1772726,1790637144.686495,,,1790637606.1864088,,,right,0,False,,,0.3,0,0,999,0,,go_miss,,,0,489.0091362000094
sub-2002,ses-1,run-01,0,5,34.059152300003916,,34.36080710001988,,,,1790637117.1772726,1790637151.236425,1790637151.5380797,,1790637606.1864088,,,right,1,False,,,0.35,0,0,0,1,,stop_success,,,0,489.0091362000094
sub-2002,ses-1,run-01,0,6,44.07597960002022,,,,,,1790637117.1772726,1790637161.2532523,,,1790637606.1864088,,,right,0,False,,,0.35,0,0,999,0,,go_miss,,,0,489.0091362000094
sub-2002,ses-1,run-01,0,7,48.95917609997559,,,,,,1790637117.1772726,1790637166.1364486,,,1790637606.1864088,,,right,0,False,,,0.35,0,0,999,0,,go_miss,,,0,489.0091362000094
sub-2002,ses-1,run-01,0,8,53.64328540000133,,,,,,1790637117.1772726,1790637170.820558,,,1790637606.1864088,,,right,0,False,,,0.35,0,0,999,0,,go_miss,,,0,489.0091362000094
sub-2002,ses-1,run-01,0,9,59.459392399992794,,,,,,1790637117.1772726,1790637176.6366649,,,1790637606.1864088,,,right,0,False,,,0.35,0,0,999,0,,go_miss,,,0,489.0091362000094
sub-2002,ses-1,run-01,0,10,67.75912379997317,,,,,,1790637117.1772726,1790637184.9363964,,,1790637606.1864088,,,left,0,False,,,0.35,0,0,999,0,,go_miss,,,0,489.0091362000094
sub-2002,ses-1,run-01,0,11,72.49257549998583,,72.84405949997017,,,,1790637117.1772726,1790637189.669848,1790637190.021332,,1790637606.1864088,,,right,1,False,,,0.4,0,0,0,1,,stop_success,,,0,489.0091362000094
sub-2002,ses-1,run-01,0,12,81.47630909999134,,,,,,1790637117.1772726,1790637198.6535816,,,1790637606.1864088,,,left,0,False,,,0.4,0,0,999,0,,go_miss,,,0,489.0091362000094
sub-2002,ses-1,run-01,0,13,89.57630369998515,,89.97806539997691,,,,1790637117.1772726,1790637206.7535763,1790637207.155338,,1790637606.1864088,,,left,1,False,,,0.45,0,0,0,1,,stop_success,,,0,489.0091362000094
sub-2002,ses-1,run-01,0,14,99.37595279997913,,99.82766760000959,,,,1790637117.1772726,1790637216.5532253,1790637217.0049403,,1790637606.1864088,,,left,1,False,,,0.5,0,0,0,1,,stop_success,,,0,489.0091362000094
sub-2002,ses-1,run-01,0,15,104.3925951999845,,,,,,1790637117.1772726,1790637221.5698678,,,1790637606.1864088,,,right,0,False,,,0.5,0,0,999,0,,go_miss,,,0,489.0091362000094
sub-2002,ses-1,run-01,0,16,108.27639359998284,,108.77814810001291,,,,1790637117.1772726,1790637225.4536662,1790637225.9554207,,1790637606.1864088,,,right,1,False,,,0.55,0,0,0,1,,stop_success,,,0,489.0091362000094
sub-2002,ses-1,run-01,0,17,112.7599087000126,,113.3116920000175,,,,1790637117.1772726,1790637229.9371812,1790637230.4889646,,1790637606.1864088,,,left,1,False,,,0.6,0,0,0,1,,stop_success,,,0,489.0091362000094
sub-2002,ses-1,run-01,0,18,119.60924929997418,,,,,,1790637117.1772726,1790637236.786522,,,1790637606.1864088,,,left,0,False,,,0.6,0,0,999,0,,go_miss,,,0,489.0091362000094
sub-2002,ses-1,run-01,0,19,128.74297239998123,,,,,,1790637117.1772726,1790637245.920245,,,1790637606.1864088,,,left,0,False,,,0.6,0,0,999,0,,go_miss,,,0,489.0091362000094
sub-2002,ses-1,run-01,0,20,135.30979019997176,,,,,,1790637117.1772726,1790637252.4870627,,,1790637606.1864088,,,left,0,False,,,0.6,0,0,999,0,,go_miss,,,0,489.0091362000094
sub-2002,ses-1,run-01,0,21,139.49256460001925,,,,,,1790637117.1772726,1790637256.6698372,,,1790637606.1864088,,,left,0,False,,,0.6,0,0,999,0,,go_miss,,,0,489.0091362000094
sub-2002,ses-1,run-01,0,22,146.02578239998547,,,,,,1790637117.1772726,1790637263.203055,,,1790637606.1864088,,,right,0,False,,,0.6,0,0,999,0,,go_miss,,,0,489.0091362000094
sub-2002,ses-1,run-01,0,23,149.57601489999797,,,,,,1790637117.1772726,1790637266.7532876,,,1790637606.1864088,,,right,0,False,,,0.6,0,0,999,0,,go_miss,,,0,489.0091362000094
sub-2002,ses-1,run-01,0,24,158.24258580000605,,,,,,1790637117.1772726,1790637275.4198585,,,1790637606.1864088,,,right,0,False,,,0.6,0,0,999,0,,go_miss,,,0,489.0091362000094
sub-2002,ses-1,run-01,0,25,164.3427222999744,,164.94458409998333,,,,1790637117.1772726,1790637281.519995,1790637282.1218567,,1790637606.1864088,,,left,1,False,,,0.65,0,0,0,1,,stop_success,,,0,489.0091362000094
sub-2002,ses-1,run-01,0,26,171.97618280001916,,,,,,1790637117.1772726,1790637289.1534553,,,1790637606.1864088,,,right,0,False,,,0.65,0,0,999,0,,go_miss,,,0,489.0091362000094
sub-2002,ses-1,run-01,0,27,175.80977210000856,,176.46143299998948,,,,1790637117.1772726,1790637292.9870446,1790637293.6387055,,1790637606.1864088,,,right,1,False,,,0.7,0,0,0,1,,stop_success,,,0,489.0091362000094
sub-2002,ses-1,run-01,0,28,182.45964529999765,,,,,,1790637117.1772726,1790637299.6369178,,,1790637606.1864088,,,left,0,False,,,0.7,0,0,999,0,,go_miss,,,0,489.0091362000094
sub-2002,ses-1,run-01,0,29,186.55912990000797,,,,,,1790637117.1772726,1790637303.7364025,,,1790637606.1864088,,,left,0,False,,,0.7,0,0,999,0,,go_miss,,,0,489.0091362000094
sub-2002,ses-1,run-01,0,30,190.3092985000112,,,,,,1790637117.1772726,1790637307.486571,,,1790637606.1864088,,,right,0,False,,,0.7,0,0,999,0,,go_miss,,,0,489.0091362000094
sub-2002,ses-1,run-01,0,31,195.24303670000518,,,,,,1790637117.1772726,1790637312.4203093,,,1790637606.1864088,,,right,0,False,,,0.7,0,0,999,0,,go_miss,,,0,489.0091362000094
sub-2002,ses-1,run-01,0,32,204.1593079000013,,,,,,1790637117.1772726,1790637321.3365805,,,1790637606.1864088,,,left,0,False,,,0.7,0,0,999,0,,go_miss,,,0,489.0091362000094
sub-2002,ses-1,run-01,0,33,210.64242849999573,,,,,,1790637117.1772726,1790637327.819701,,,1790637606.1864088,,,right,0,False,,,0.7,0,0,999,0,,go_miss,,,0,489.0091362000094
sub-2002,ses-1,run-01,0,34,218.77583240001695,,,,,,1790637117.1772726,1790637335.953105,,,1790637606.1864088,,,right,0,False,,,0.7,0,0,999,0,,go_miss,,,0,489.0091362000094
sub-2002,ses-1,run-01,0,35,223.1593507999787,,,,,,1790637117.1772726,1790637340.3366234,,,1790637606.1864088,,,right,0,False,,,0.7,0,0,999,0,,go_miss,,,0,489.0091362000094
sub-2002,ses-1,run-01,0,36,231.09262409998337,,,,,,1790637117.1772726,1790637348.2698967,,,1790637606.1864088,,,left,0,False,,,0.7,0,0,999,0,,go_miss,,,0,489.0091362000094
sub-2002,ses-1,run-01,0,37,234.6094398999703,,235.3119002999738,,,,1790637117.1772726,1790637351.7867124,1790637352.489173,,1790637606.1864088,,,left,1,False,,,0.75,0,0,0,1,,stop_success,,,0,489.0091362000094
sub-2002,ses-1,run-01,0,38,239.7094676999841,,,,,,1790637117.1772726,1790637356.8867402,,,1790637606.1864088,,,right,0,False,,,0.75,0,0,999,0,,go_miss,,,0,489.0091362000094
sub-2002,ses-1,run-01,0,39,248.47593439999036,,,,,,1790637117.1772726,1790637365.653207,,,1790637606.1864088,,,right,0,False,,,0.75,0,0,999,0,,go_miss,,,0,489.0091362000094
sub-2002,ses-1,run-01,0,40,257.4598632999696,,,,,,1790637117.1772726,1790637374.6371357,,,1790637606.1864088,,,right,0,False,,,0.75,0,0,999,0,,go_miss,,,0,489.0091362000094
sub-2002,ses-1,run-01,0,41,262.6923355999752,,263.44393359997775,,,,1790637117.1772726,1790637379.8696082,1790637380.621206,,1790637606.1864088,,,right,1,False,,,0.8,0,0,0,1,,stop_success,,,0,489.0091362000094
sub-2002,ses-1,run-01,0,42,273.04250809998484,,,,,,1790637117.1772726,1790637390.2197807,,,1790637606.1864088,,,left,0,False,,,0.8,0,0,999,0,,go_miss,,,0,489.0091362000094
sub-2002,ses-1,run-01,0,43,280.8591712000198,,,,,,1790637117.1772726,1790637398.0364437,,,1790637606.1864088,,,left,0,False,,,0.8,0,0,999,0,,go_miss,,,0,489.0091362000094
sub-2002,ses-1,run-01,0,44,290.5425775999902,,,,,,1790637117.1772726,1790637407.71985,,,1790637606.1864088,,,left,0,False,,,0.8,0,0,999,0,,go_miss,,,0,489.0091362000094
sub-2002,ses-1,run-01,0,45,297.9928698000149,,298.79441329999827,,,,1790637117.1772726,1790637415.1701424,1790637415.971686,,1790637606.1864088,,,left,1,False,,,0.85,0,0,0,1,,stop_success,,,0,489.0091362000094
sub-2002,ses-1,run-01,0,46,301.776153600018,,302.6278203999973,,,,1790637117.1772726,1790637418.9534261,1790637419.805093,,1790637606.1864088,,,right,1,False,,,0.9,0,0,0,1,,stop_success,,,0,489.0091362000094
sub-2002,ses-1,run-01,0,47,312.975516800012,,,,,,1790637117.1772726,1790637430.1527894,,,1790637606.1864088,,,right,0,False,,,0.9,0,0,999,0,,go_miss,,,0,489.0091362000094
sub-2002,ses-1,run-01,0,48,321.07550109998556,,,,,,1790637117.1772726,1790637438.2527738,,,1790637606.1864088,,,left,0,False,,,0.9,0,0,999,0,,go_miss,,,0,489.0091362000094
sub-2002,ses-1,run-01,0,49,329.7096569999703,,,,,,1790637117.1772726,1790637446.8869295,,,1790637606.1864088,,,left,0,False,,,0.9,0,0,999,0,,go_miss,,,0,489.0091362000094
sub-2002,ses-1,run-01,0,50,334.0258853000123,,334.9276215999853,,,,1790637117.1772726,1790637451.203158,1790637452.1048942,,1790637606.1864088,,,left,1,False,,,0.9,0,0,0,1,,stop_success,,,0,489.0091362000094
sub-2002,ses-1,run-01,0,51,342.29271969996626,,,,,,1790637117.1772726,1790637459.4699922,,,1790637606.1864088,,,left,0,False,,,0.9,0,0,999,0,,go_miss,,,0,489.0091362000094
sub-2002,ses-1,run-01,0,52,351.1590149999829,,,,,,1790637117.1772726,1790637468.3362875,,,1790637606.1864088,,,right,0,False,,,0.9,0,0,999,0,,go_miss,,,0,489.0091362000094
sub-2002,ses-1,run-01,0,53,356.1425544000231,,,,,,1790637117.1772726,1790637473.3198268,,,1790637606.1864088,,,right,0,False,,,0.9,0,0,999,0,,go_miss,,,0,489.0091362000094
sub-2002,ses-1,run-01,0,54,362.3089712000219,,363.21060210000724,,,,1790637117.1772726,1790637479.4862437,1790637480.3878746,,1790637606.1864088,,,right,1,False,,,0.9,0,0,0,1,,stop_success,,,0,489.0091362000094
sub-2002,ses-1,run-01,0,55,367.94249789998867,,368.84414940001443,,,,1790637117.1772726,1790637485.1197705,1790637486.021422,,1790637606.1864088,,,right,1,False,,,0.9,0,0,0,1,,stop_success,,,0,489.0091362000094
sub-2002,ses-1,run-01,0,56,373.8596071000211,,,,,,1790637117.1772726,1790637491.0368795,,,1790637606.1864088,,,right,0,False,,,0.9,0,0,999,0,,go_miss,,,0,489.0091362000094
sub-2002,ses-1,run-01,0,57,379.12605309998617,,,,,,1790637117.1772726,1790637496.3033257,,,1790637606.1864088,,,left,0,False,,,0.9,0,0,999,0,,go_miss,,,0,489.0091362000094
sub-2002,ses-1,run-01,0,58,383.575934100023,,384.47770019999007,,,,1790637117.1772726,1790637500.7532067,1790637501.6549728,,1790637606.1864088,,,right,1,False,,,0.9,0,0,0,1,,stop_success,,,0,489.0091362000094
sub-2002,ses-1,run-01,0,59,389.0926769999787,,389.99429880001117,,,,1790637117.1772726,1790637506.2699497,1790637507.1715713,,1790637606.1864088,,,right,1,False,,,0.9,0,0,0,1,,stop_success,,,0,489.0091362000094
sub-2002,ses-1,run-01,0,60,393.7094525999855,,,,,,1790637117.1772726,1790637510.8867252,,,1790637606.1864088,,,left,0,False,,,0.9,0,0,999,0,,go_miss,,,0,489.0091362000094
sub-2002,ses-1,run-01,0,61,402.5434816000052,,,,,,1790637117.1772726,1790637519.7207541,,,1790637606.1864088,,,right,0,False,,,0.9,0,0,999,0,,go_miss,,,0,489.0091362000094
sub-2002,ses-1,run-01,0,62,406.02552740002284,,406.9271019999869,,,,1790637117.1772726,1790637523.2028,1790637524.1043746,,1790637606.1864088,,,left,1,False,,,0.9,0,0,0,1,,stop_success,,,0,489.0091362000094
sub-2002,ses-1,run-01,0,63,416.6758759000222,,,,,,1790637117.1772726,1790637533.8531485,,,1790637606.1864088,,,right,0,False,,,0.9,0,0,999,0,,go_miss,,,0,489.0091362000094
sub-2002,ses-1,run-01,0,64,422.2593116000062,,423.1609129999997,,,,1790637117.1772726,1790637539.4365842,1790637540.3381855,,1790637606.1864088,,,right,1,False,,,0.9,0,0,0,1,,stop_success,,,0,489.0091362000094
sub-2002,ses-1,run-01,0,65,429.0424393999856,,429.94406969996635,,,,1790637117.1772726,1790637546.219712,1790637547.1213422,,1790637606.1864088,,,right,1,False,,,0.9,0,0,0,1,,stop_success,,,0,489.0091362000094
sub-2002,ses-1,run-01,0,66,435.8424710999825,,,,,,1790637117.1772726,1790637553.0197437,,,1790637606.1864088,,,right,0,False,,,0.9,0,0,999,0,,go_miss,,,0,489.0091362000094
sub-2002,ses-1,run-01,0,67,443.2925737000187,,444.19409790000645,,,,1790637117.1772726,1790637560.4698462,1790637561.3713706,,1790637606.1864088,,,left,1,False,,,0.9,0,0,0,1,,stop_success,,,0,489.0091362000094
sub-2002,ses-1,run-01,0,68,449.2924901000224,,,,,,1790637117.1772726,1790637566.4697626,,,1790637606.1864088,,,left,0,False,,,0.9,0,0,999,0,,go_miss,,,0,489.0091362000094
sub-2002,ses-1,run-01,0,69,454.4927942000213,,,,,,1790637117.1772726,1790637571.6700668,,,1790637606.1864088,,,right,0,False,,,0.9,0,0,999,0,,go_miss,,,0,489.0091362000094
sub-2002,ses-1,run-01,0,70,459.9422613999923,,,,,,1790637117.1772726,1790637577.119534,,,1790637606.1864088,,,left,0,False,,,0.9,0,0,999,0,,go_miss,,,0,489.0091362000094
sub-2002,ses-1,run-01,0,71,467.8257046000217,,468.7272204000037,,,,1790637117.1772726,1790637585.0029771,1790637585.9044929,,1790637606.1864088,,,left,1,False,,,0.9,0,0,0,1,,stop_success,,,0,489.0091362000094
sub-2002,ses-1,run-01,0,72,472.14218399999663,,473.0437852999894,,,,1790637117.1772726,1790637589.3194566,1790637590.221058,,1790637606.1864088,,,right,1,False,,,0.9,0,0,0,1,,stop_success,,,0,489.0091362000094
sub-2002,ses-1,run-01,0,73,479.4429792999872,,,,,,1790637117.1772726,1790637596.620252,,,1790637606.1864088,,,right,0,False,,,0.9,0,0,999,0,,go_miss,,,0,489.0091362000094
sub-2002,ses-1,run-01,0,74,484.3755764000234,,,,,,1790637117.1772726,1790637601.552849,,,1790637606.1864088,,,left,0,False,,,0.9,0,0,999,0,,go_miss,,,0,489.0091362000094
